date,sales,product_id
2011-01-29,42.483570765056164,HOBBIES_1_001
2011-01-30,39.50113725895446,HOBBIES_1_001
2011-01-31,43.62330921323499,HOBBIES_1_001
2011-02-01,48.19232156402876,HOBBIES_1_001
2011-02-02,39.59855820741465,HOBBIES_1_001
2011-02-03,39.79058921888873,HOBBIES_1_001
2011-02-04,49.0490322715235,HOBBIES_1_001
2011-02-05,45.1815305175223,HOBBIES_1_001
2011-02-06,39.18801741747414,HOBBIES_1_001
2011-02-07,44.43881525384093,HOBBIES_1_001
2011-02-08,39.59909501027279,HOBBIES_1_001
2011-02-09,39.77719556635351,HOBBIES_1_001
2011-02-10,43.50475879554075,HOBBIES_1_001
2011-02-11,32.917041549029086,HOBBIES_1_001
2011-02-12,34.04669134302279,HOBBIES_1_001
2011-02-13,40.04697335373749,HOBBIES_1_001
2011-02-14,37.980629225701456,HOBBIES_1_001
2011-02-15,44.801589447067016,HOBBIES_1_001
2011-02-16,38.87494552749342,HOBBIES_1_001
2011-02-17,36.5373569720358,HOBBIES_1_001
2011-02-18,51.10997690558955,HOBBIES_1_001
2011-02-19,42.83470898762372,HOBBIES_1_001
2011-02-20,44.48204092389106,HOBBIES_1_001
2011-02-21,37.20037280616553,HOBBIES_1_001
2011-02-22,41.7807711474826,HOBBIES_1_001
2011-02-23,45.23467905597331,HOBBIES_1_001
2011-02-24,39.10124332294564,HOBBIES_1_001
2011-02-25,46.909563996937344,HOBBIES_1_001
2011-02-26,42.2014149504914,HOBBIES_1_001
2011-02-27,43.91830054650045,HOBBIES_1_001
2011-02-28,42.538978538013765,HOBBIES_1_001
2011-03-01,54.97818166187874,HOBBIES_1_001
2011-03-02,45.817076454030875,HOBBIES_1_001
2011-03-03,40.76222877792057,HOBBIES_1_001
2011-03-04,50.328134602761246,HOBBIES_1_001
2011-03-05,40.274181426877206,HOBBIES_1_001
2011-03-06,47.584028026634954,HOBBIES_1_001
2011-03-07,36.90094877053396,HOBBIES_1_001
2011-03-08,40.21619618023634,HOBBIES_1_001
2011-03-09,47.99745659058356,HOBBIES_1_001
2011-03-10,50.859664038960126,HOBBIES_1_001
2011-03-11,48.176470349633,HOBBIES_1_001
2011-03-12,46.891763307066945,HOBBIES_1_001
2011-03-13,46.112901450220406,HOBBIES_1_001
2011-03-14,40.37222666348896,HOBBIES_1_001
2011-03-15,44.30999637488439,HOBBIES_1_001
2011-03-16,45.7483317176123,HOBBIES_1_001
2011-03-17,53.47733606689923,HOBBIES_1_001
2011-03-18,50.04787143357973,HOBBIES_1_001
2011-03-19,39.650455059501475,HOBBIES_1_001
2011-03-20,50.21973809436122,HOBBIES_1_001
2011-03-21,46.80532223261146,HOBBIES_1_001
2011-03-22,45.475259078283656,HOBBIES_1_001
2011-03-23,52.04507378412984,HOBBIES_1_001
2011-03-24,54.26616946983628,HOBBIES_1_001
2011-03-25,53.88967736451639,HOBBIES_1_001
2011-03-26,45.15688929902477,HOBBIES_1_001
2011-03-27,47.92418096976786,HOBBIES_1_001
2011-03-28,51.24136300198049,HOBBIES_1_001
2011-03-29,54.57508354275699,HOBBIES_1_001
2011-03-30,47.411280588653526,HOBBIES_1_001
2011-03-31,48.98610606235087,HOBBIES_1_001
2011-04-01,44.4874047830383,HOBBIES_1_001
2011-04-02,44.140129783908336,HOBBIES_1_001
2011-04-03,54.283255584696555,HOBBIES_1_001
2011-04-04,57.09864705075866,HOBBIES_1_001
2011-04-05,50.051550934758836,HOBBIES_1_001
2011-04-06,55.52073298919963,HOBBIES_1_001
2011-04-07,52.400006823542725,HOBBIES_1_001
2011-04-08,47.452257087156596,HOBBIES_1_001
2011-04-09,52.5681145434136,HOBBIES_1_001
2011-04-10,58.53183284264311,HOBBIES_1_001
2011-04-11,50.740248312868005,HOBBIES_1_001
2011-04-12,58.817523279419945,HOBBIES_1_001
2011-04-13,37.96768778612074,HOBBIES_1_001
2011-04-14,55.24520060450156,HOBBIES_1_001
2011-04-15,51.637350164893874,HOBBIES_1_001
2011-04-16,49.77064311659224,HOBBIES_1_001
2011-04-17,51.78517428806025,HOBBIES_1_001
2011-04-18,41.446329898962674,HOBBIES_1_001
2011-04-19,50.34072152369113,HOBBIES_1_001
2011-04-20,53.27664248849429,HOBBIES_1_001
2011-04-21,58.92963131431411,HOBBIES_1_001
2011-04-22,48.994965729423996,HOBBIES_1_001
2011-04-23,47.587071152884114,HOBBIES_1_001
2011-04-24,49.1610361274396,HOBBIES_1_001
2011-04-25,56.28416802965695,HOBBIES_1_001
2011-04-26,53.38529796230681,HOBBIES_1_001
2011-04-27,49.12417107889931,HOBBIES_1_001
2011-04-28,54.36778036739451,HOBBIES_1_001
2011-04-29,52.312341059222035,HOBBIES_1_001
2011-04-30,56.692725845961306,HOBBIES_1_001
2011-05-01,48.358819816347605,HOBBIES_1_001
2011-05-02,50.24739597632376,HOBBIES_1_001
2011-05-03,49.93882549588061,HOBBIES_1_001
2011-05-04,44.59249117693642,HOBBIES_1_001
2011-05-05,53.3984099150597,HOBBIES_1_001
2011-05-06,53.22787418735358,HOBBIES_1_001
2011-05-07,51.950005694585634,HOBBIES_1_001
2011-05-08,50.750400095010036,HOBBIES_1_001
2011-05-09,44.84244251727459,HOBBIES_1_001
2011-05-10,49.809100414266794,HOBBIES_1_001
2011-05-11,50.188863668873296,HOBBIES_1_001
2011-05-12,47.87824650530615,HOBBIES_1_001
2011-05-13,51.06749808620502,HOBBIES_1_001
2011-05-14,53.87558259182672,HOBBIES_1_001
2011-05-15,61.26477888100874,HOBBIES_1_001
2011-05-16,52.68239129776816,HOBBIES_1_001
2011-05-17,53.0700520747063,HOBBIES_1_001
2011-05-18,51.38002754194517,HOBBIES_1_001
2011-05-19,42.12553208135009,HOBBIES_1_001
2011-05-20,51.55113961763373,HOBBIES_1_001
2011-05-21,51.946387276887094,HOBBIES_1_001
2011-05-22,63.920197840285894,HOBBIES_1_001
2011-05-23,50.59817556875703,HOBBIES_1_001
2011-05-24,53.020971346245744,HOBBIES_1_001
2011-05-25,51.290211029651715,HOBBIES_1_001
2011-05-26,45.568216615636985,HOBBIES_1_001
2011-05-27,57.07088096366403,HOBBIES_1_001
2011-05-28,55.05893757672067,HOBBIES_1_001
2011-05-29,55.1943061651945,HOBBIES_1_001
2011-05-30,46.62947550661546,HOBBIES_1_001
2011-05-31,58.12506763192758,HOBBIES_1_001
2011-06-01,44.033966383536864,HOBBIES_1_001
2011-06-02,53.90710124578402,HOBBIES_1_001
2011-06-03,61.85218332974033,HOBBIES_1_001
2011-06-04,45.87183597134175,HOBBIES_1_001
2011-06-05,47.91519267945343,HOBBIES_1_001
2011-06-06,51.164682304907814,HOBBIES_1_001
2011-06-07,48.06640158675736,HOBBIES_1_001
2011-06-08,42.745457818220714,HOBBIES_1_001
2011-06-09,50.7542569137168,HOBBIES_1_001
2011-06-10,45.010294388543194,HOBBIES_1_001
2011-06-11,52.59788246101632,HOBBIES_1_001
2011-06-12,45.5386761730893,HOBBIES_1_001
2011-06-13,57.78915000497696,HOBBIES_1_001
2011-06-14,46.02473031735485,HOBBIES_1_001
2011-06-15,48.230081365571856,HOBBIES_1_001
2011-06-16,53.80527640449861,HOBBIES_1_001
2011-06-17,43.478615764632906,HOBBIES_1_001
2011-06-18,50.663466770440536,HOBBIES_1_001
2011-06-19,55.95313100203958,HOBBIES_1_001
2011-06-20,41.269309821348116,HOBBIES_1_001
2011-06-21,50.117301503660514,HOBBIES_1_001
2011-06-22,50.379089239168074,HOBBIES_1_001
2011-06-23,52.8725094626805,HOBBIES_1_001
2011-06-24,42.66057864333107,HOBBIES_1_001
2011-06-25,42.12324449167065,HOBBIES_1_001
2011-06-26,51.213730533487066,HOBBIES_1_001
2011-06-27,49.96578303612529,HOBBIES_1_001
2011-06-28,49.60854522115359,HOBBIES_1_001
2011-06-29,49.961970648700316,HOBBIES_1_001
2011-06-30,44.70172542087425,HOBBIES_1_001
2011-07-01,49.133751654452894,HOBBIES_1_001
2011-07-02,49.307038744045045,HOBBIES_1_001
2011-07-03,44.13771634901779,HOBBIES_1_001
2011-07-04,56.904792106545806,HOBBIES_1_001
2011-07-05,49.810224914823586,HOBBIES_1_001
2011-07-06,41.34842421596411,HOBBIES_1_001
2011-07-07,50.45037812680698,HOBBIES_1_001
2011-07-08,42.155703821228244,HOBBIES_1_001
2011-07-09,50.82491804958717,HOBBIES_1_001
2011-07-10,52.541783948573624,HOBBIES_1_001
2011-07-11,42.50368136056805,HOBBIES_1_001
2011-07-12,51.28128438891321,HOBBIES_1_001
2011-07-13,48.38469136400276,HOBBIES_1_001
2011-07-14,50.28659129180201,HOBBIES_1_001
2011-07-15,55.514928783639235,HOBBIES_1_001
2011-07-16,44.65791537113647,HOBBIES_1_001
2011-07-17,41.96933523011217,HOBBIES_1_001
2011-07-18,41.14292155911588,HOBBIES_1_001
2011-07-19,41.363287229206136,HOBBIES_1_001
2011-07-20,44.9080922695347,HOBBIES_1_001
2011-07-21,46.85009016607002,HOBBIES_1_001
2011-07-22,46.3780313317025,HOBBIES_1_001
2011-07-23,48.980308588811624,HOBBIES_1_001
2011-07-24,44.75883530296421,HOBBIES_1_001
2011-07-25,51.81059885956833,HOBBIES_1_001
2011-07-26,43.068466805006636,HOBBIES_1_001
2011-07-27,57.84118998871985,HOBBIES_1_001
2011-07-28,47.21709565423619,HOBBIES_1_001
2011-07-29,39.651258408807806,HOBBIES_1_001
2011-07-30,38.43079447045125,HOBBIES_1_001
2011-07-31,46.045804302450996,HOBBIES_1_001
2011-08-01,42.3643390694734,HOBBIES_1_001
2011-08-02,46.899942742041176,HOBBIES_1_001
2011-08-03,45.54454315408785,HOBBIES_1_001
2011-08-04,42.66280365251109,HOBBIES_1_001
2011-08-05,38.64180212286809,HOBBIES_1_001
2011-08-06,35.15063721998788,HOBBIES_1_001
2011-08-07,40.34173208302526,HOBBIES_1_001
2011-08-08,46.70611582355683,HOBBIES_1_001
2011-08-09,43.3448376156561,HOBBIES_1_001
2011-08-10,35.89640447682672,HOBBIES_1_001
2011-08-11,42.84226516221446,HOBBIES_1_001
2011-08-12,43.754792378392565,HOBBIES_1_001
2011-08-13,37.26139595408659,HOBBIES_1_001
2011-08-14,42.30246876556869,HOBBIES_1_001
2011-08-15,41.678778908852365,HOBBIES_1_001
2011-08-16,35.52755720600919,HOBBIES_1_001
2011-08-17,42.88684925941302,HOBBIES_1_001
2011-08-18,43.75821807614144,HOBBIES_1_001
2011-08-19,46.22686245054165,HOBBIES_1_001
2011-08-20,45.938903393629786,HOBBIES_1_001
2011-08-21,33.640857316331505,HOBBIES_1_001
2011-08-22,35.70046181505141,HOBBIES_1_001
2011-08-23,42.82626543939733,HOBBIES_1_001
2011-08-24,42.682687239575564,HOBBIES_1_001
2011-08-25,42.552877308257465,HOBBIES_1_001
2011-08-26,59.106437089443446,HOBBIES_1_001
2011-08-27,42.56367830130807,HOBBIES_1_001
2011-08-28,45.254851010343216,HOBBIES_1_001
2011-08-29,44.21622483581,HOBBIES_1_001
2011-08-30,42.57380641475416,HOBBIES_1_001
2011-08-31,37.61262336257471,HOBBIES_1_001
2011-09-01,42.857464320034,HOBBIES_1_001
2011-09-02,35.07371344434466,HOBBIES_1_001
2011-09-03,37.63058344788925,HOBBIES_1_001
2011-09-04,36.266353890754324,HOBBIES_1_001
2011-09-05,38.982737686202,HOBBIES_1_001
2011-09-06,50.02859691656547,HOBBIES_1_001
2011-09-07,29.00269795610717,HOBBIES_1_001
2011-09-08,41.655867927865444,HOBBIES_1_001
2011-09-09,30.048393836889357,HOBBIES_1_001
2011-09-10,35.64162262741726,HOBBIES_1_001
2011-09-11,43.33728507440881,HOBBIES_1_001
2011-09-12,38.107161935666504,HOBBIES_1_001
2011-09-13,32.29228497969508,HOBBIES_1_001
2011-09-14,34.0017916940918,HOBBIES_1_001
2011-09-15,40.87569115262921,HOBBIES_1_001
2011-09-16,33.72738804851692,HOBBIES_1_001
2011-09-17,38.36519479064343,HOBBIES_1_001
2011-09-18,37.41663807867053,HOBBIES_1_001
2011-09-19,33.83888449178906,HOBBIES_1_001
2011-09-20,47.726977593931835,HOBBIES_1_001
2011-09-21,40.08951932503055,HOBBIES_1_001
2011-09-22,26.709206396365488,HOBBIES_1_001
2011-09-23,37.684545281369395,HOBBIES_1_001
2011-09-24,33.36308553568264,HOBBIES_1_001
2011-09-25,40.85634826397779,HOBBIES_1_001
2011-09-26,32.556190294137934,HOBBIES_1_001
2011-09-27,35.872201202874706,HOBBIES_1_001
2011-09-28,38.90041388439589,HOBBIES_1_001
2011-09-29,40.63637908059539,HOBBIES_1_001
2011-09-30,30.240804371123836,HOBBIES_1_001
2011-10-01,34.50704657780787,HOBBIES_1_001
2011-10-02,33.74470021790029,HOBBIES_1_001
2011-10-03,32.79528613303438,HOBBIES_1_001
2011-10-04,44.83436358466271,HOBBIES_1_001
2011-10-05,37.97983786361871,HOBBIES_1_001
2011-10-06,29.60104478073897,HOBBIES_1_001
2011-10-07,40.44802852960311,HOBBIES_1_001
2011-10-08,46.425492894195564,HOBBIES_1_001
2011-10-09,40.93578926256565,HOBBIES_1_001
2011-10-10,28.138140362341986,HOBBIES_1_001
2011-10-11,33.27814066481532,HOBBIES_1_001
2011-10-12,42.00099781214898,HOBBIES_1_001
2011-10-13,32.09805173780549,HOBBIES_1_001
2011-10-14,37.82829409411404,HOBBIES_1_001
2011-10-15,39.45802007918246,HOBBIES_1_001
2011-10-16,30.928718521347427,HOBBIES_1_001
2011-10-17,35.2471457621478,HOBBIES_1_001
2011-10-18,19.322729635232257,HOBBIES_1_001
2011-10-19,30.39432472881328,HOBBIES_1_001
2011-10-20,34.24353140193248,HOBBIES_1_001
2011-10-21,29.260487049640968,HOBBIES_1_001
2011-10-22,43.65741994476428,HOBBIES_1_001
2011-10-23,28.343553885815375,HOBBIES_1_001
2011-10-24,33.295878927052826,HOBBIES_1_001
2011-10-25,36.15459354368551,HOBBIES_1_001
2011-10-26,42.71499971472544,HOBBIES_1_001
2011-10-27,28.34002216955328,HOBBIES_1_001
2011-10-28,41.34881123845407,HOBBIES_1_001
2011-10-29,35.60077920635543,HOBBIES_1_001
2011-10-30,30.661655038455255,HOBBIES_1_001
2011-10-31,37.90226324582639,HOBBIES_1_001
2011-11-01,36.61255446303149,HOBBIES_1_001
2011-11-02,32.64464270346339,HOBBIES_1_001
2011-11-03,36.02616719793358,HOBBIES_1_001
2011-11-04,33.784973761536484,HOBBIES_1_001
2011-11-05,36.316464567885824,HOBBIES_1_001
2011-11-06,39.09981339224704,HOBBIES_1_001
2011-11-07,43.762466446926396,HOBBIES_1_001
2011-11-08,29.689460602251096,HOBBIES_1_001
2011-11-09,46.59278642933765,HOBBIES_1_001
2011-11-10,26.219179226500664,HOBBIES_1_001
2011-11-11,35.27559923984681,HOBBIES_1_001
2011-11-12,39.03391481403201,HOBBIES_1_001
2011-11-13,37.55797865674546,HOBBIES_1_001
2011-11-14,33.10308676418588,HOBBIES_1_001
2011-11-15,35.24239985258005,HOBBIES_1_001
2011-11-16,33.88728120712824,HOBBIES_1_001
2011-11-17,33.4775704019209,HOBBIES_1_001
2011-11-18,40.74733116367922,HOBBIES_1_001
2011-11-19,38.36212660650384,HOBBIES_1_001
2011-11-20,33.19301469481707,HOBBIES_1_001
2011-11-21,41.23884270397591,HOBBIES_1_001
2011-11-22,38.36337009307036,HOBBIES_1_001
2011-11-23,40.979941281447154,HOBBIES_1_001
2011-11-24,40.15524185394942,HOBBIES_1_001
2011-11-25,32.95627722447696,HOBBIES_1_001
2011-11-26,34.39716751328145,HOBBIES_1_001
2011-11-27,41.03400430829649,HOBBIES_1_001
2011-11-28,40.45147086109074,HOBBIES_1_001
2011-11-29,37.399790271501175,HOBBIES_1_001
2011-11-30,38.198184325655795,HOBBIES_1_001
2011-12-01,44.10966575878879,HOBBIES_1_001
2011-12-02,34.87579639785005,HOBBIES_1_001
2011-12-03,40.68394324381813,HOBBIES_1_001
2011-12-04,37.05475900968443,HOBBIES_1_001
2011-12-05,37.09701640192037,HOBBIES_1_001
2011-12-06,43.801411589571295,HOBBIES_1_001
2011-12-07,42.559088592006525,HOBBIES_1_001
2011-12-08,42.62637828718161,HOBBIES_1_001
2011-12-09,45.21535958807048,HOBBIES_1_001
2011-12-10,38.92440014776842,HOBBIES_1_001
2011-12-11,42.362808207151545,HOBBIES_1_001
2011-12-12,37.53758541828717,HOBBIES_1_001
2011-12-13,40.84780601362942,HOBBIES_1_001
2011-12-14,38.7164583427422,HOBBIES_1_001
2011-12-15,39.994461595097526,HOBBIES_1_001
2011-12-16,42.629647698850334,HOBBIES_1_001
2011-12-17,35.70917584265766,HOBBIES_1_001
2011-12-18,50.41063084641101,HOBBIES_1_001
2011-12-19,35.06898333581021,HOBBIES_1_001
2011-12-20,34.18042498407013,HOBBIES_1_001
2011-12-21,46.19610314325426,HOBBIES_1_001
2011-12-22,44.51988623207805,HOBBIES_1_001
2011-12-23,43.839998882319804,HOBBIES_1_001
2011-12-24,44.02071668170208,HOBBIES_1_001
2011-12-25,40.97906564602498,HOBBIES_1_001
2011-12-26,36.717017287317404,HOBBIES_1_001
2011-12-27,41.74693855526044,HOBBIES_1_001
2011-12-28,38.14832805171077,HOBBIES_1_001
2011-12-29,46.577507114746574,HOBBIES_1_001
2011-12-30,41.135900680320425,HOBBIES_1_001
2011-12-31,37.914443907562486,HOBBIES_1_001
2012-01-01,40.60716157864148,HOBBIES_1_001
2012-01-02,44.45228255316101,HOBBIES_1_001
2012-01-03,39.743865212914834,HOBBIES_1_001
2012-01-04,38.62753110173573,HOBBIES_1_001
2012-01-05,44.13445047434291,HOBBIES_1_001
2012-01-06,44.31941830530266,HOBBIES_1_001
2012-01-07,40.73958340968477,HOBBIES_1_001
2012-01-08,41.09991716884385,HOBBIES_1_001
2012-01-09,44.797215812798264,HOBBIES_1_001
2012-01-10,36.57940200079298,HOBBIES_1_001
2012-01-11,36.966314410009616,HOBBIES_1_001
2012-01-12,40.596125296639045,HOBBIES_1_001
2012-01-13,43.30667860105906,HOBBIES_1_001
2012-01-14,46.114826015039526,HOBBIES_1_001
2012-01-15,52.124199766151676,HOBBIES_1_001
2012-01-16,49.22355453068388,HOBBIES_1_001
2012-01-17,44.32405909946415,HOBBIES_1_001
2012-01-18,45.21777381327363,HOBBIES_1_001
2012-01-19,40.48986888946772,HOBBIES_1_001
2012-01-20,45.60011847111882,HOBBIES_1_001
2012-01-21,44.44001664524227,HOBBIES_1_001
2012-01-22,47.687935116924564,HOBBIES_1_001
2012-01-23,42.12957627524371,HOBBIES_1_001
2012-01-24,49.05415775456311,HOBBIES_1_001
2012-01-25,54.31306867097342,HOBBIES_1_001
2012-01-26,46.297726162718945,HOBBIES_1_001
2012-01-27,49.042391274755055,HOBBIES_1_001
2012-01-28,50.67696038073704,HOBBIES_1_001
2012-01-29,45.412596827562695,HOBBIES_1_001
2012-01-30,48.73162036085432,HOBBIES_1_001
2012-01-31,47.86652771363237,HOBBIES_1_001
2012-02-01,48.48425196172465,HOBBIES_1_001
2012-02-02,44.32297534874587,HOBBIES_1_001
2012-02-03,48.50252406192121,HOBBIES_1_001
2012-02-04,51.06165883720566,HOBBIES_1_001
2012-02-05,56.01877409772483,HOBBIES_1_001
2012-02-06,53.75044266456681,HOBBIES_1_001
2012-02-07,59.91062651046076,HOBBIES_1_001
2012-02-08,45.49814484688672,HOBBIES_1_001
2012-02-09,53.88614670480006,HOBBIES_1_001
2012-02-10,50.63035665339421,HOBBIES_1_001
2012-02-11,60.85115662539831,HOBBIES_1_001
2012-02-12,46.04848826580407,HOBBIES_1_001
2012-02-13,46.07850097603034,HOBBIES_1_001
2012-02-14,47.46652078714533,HOBBIES_1_001
2012-02-15,40.02957334953348,HOBBIES_1_001
2012-02-16,48.20498998368753,HOBBIES_1_001
2012-02-17,47.22191135793564,HOBBIES_1_001
2012-02-18,51.9524011803547,HOBBIES_1_001
2012-02-19,53.09106955593406,HOBBIES_1_001
2012-02-20,60.94395328352275,HOBBIES_1_001
2012-02-21,56.49493211515494,HOBBIES_1_001
2012-02-22,49.03686567878837,HOBBIES_1_001
2012-02-23,47.60669193767406,HOBBIES_1_001
2012-02-24,54.734506254581554,HOBBIES_1_001
2012-02-25,45.84860705709764,HOBBIES_1_001
2012-02-26,61.78060141634906,HOBBIES_1_001
2012-02-27,58.69266908606512,HOBBIES_1_001
2012-02-28,50.620332525629095,HOBBIES_1_001
2012-02-29,44.56981728087153,HOBBIES_1_001
2012-03-01,60.07262363553947,HOBBIES_1_001
2012-03-02,52.89678338342885,HOBBIES_1_001
2012-03-03,59.82319078910447,HOBBIES_1_001
2012-03-04,45.82496056975235,HOBBIES_1_001
2012-03-05,50.96153412383417,HOBBIES_1_001
2012-03-06,54.14421707551563,HOBBIES_1_001
2012-03-07,54.51072858054407,HOBBIES_1_001
2012-03-08,52.181522240833594,HOBBIES_1_001
2012-03-09,57.700279987712435,HOBBIES_1_001
2012-03-10,49.40022598376204,HOBBIES_1_001
2012-03-11,54.17680648089356,HOBBIES_1_001
2012-03-12,55.63859727371822,HOBBIES_1_001
2012-03-13,57.75572997261172,HOBBIES_1_001
2012-03-14,58.885990994294254,HOBBIES_1_001
2012-03-15,49.847014300213765,HOBBIES_1_001
2012-03-16,47.93985326911841,HOBBIES_1_001
2012-03-17,62.13686328222183,HOBBIES_1_001
2012-03-18,57.54592508320496,HOBBIES_1_001
2012-03-19,52.275584751596355,HOBBIES_1_001
2012-03-20,63.905192699297515,HOBBIES_1_001
2012-03-21,56.85694143826961,HOBBIES_1_001
2012-03-22,62.3018774472365,HOBBIES_1_001
2012-03-23,56.86746345139893,HOBBIES_1_001
2012-03-24,66.95571558033721,HOBBIES_1_001
2012-03-25,65.54838031434585,HOBBIES_1_001
2012-03-26,55.64412129362044,HOBBIES_1_001
2012-03-27,61.86159978672631,HOBBIES_1_001
2012-03-28,60.342936842062805,HOBBIES_1_001
2012-03-29,64.06900875253359,HOBBIES_1_001
2012-03-30,52.5084828297613,HOBBIES_1_001
2012-03-31,60.86803614005251,HOBBIES_1_001
2012-04-01,62.83198452555149,HOBBIES_1_001
2012-04-02,48.845628227601864,HOBBIES_1_001
2012-04-03,51.819853531567546,HOBBIES_1_001
2012-04-04,47.63413984085187,HOBBIES_1_001
2012-04-05,56.574733514508594,HOBBIES_1_001
2012-04-06,61.598237164276235,HOBBIES_1_001
2012-04-07,65.60834030765422,HOBBIES_1_001
2012-04-08,58.55030960496228,HOBBIES_1_001
2012-04-09,66.4034269251616,HOBBIES_1_001
2012-04-10,51.437570404335176,HOBBIES_1_001
2012-04-11,49.896091990566006,HOBBIES_1_001
2012-04-12,58.207373999078236,HOBBIES_1_001
2012-04-13,60.47471451431386,HOBBIES_1_001
2012-04-14,58.45734027022442,HOBBIES_1_001
2012-04-15,48.34716855571406,HOBBIES_1_001
2012-04-16,58.29946939481067,HOBBIES_1_001
2012-04-17,52.280526156434746,HOBBIES_1_001
2012-04-18,62.20614289402076,HOBBIES_1_001
2012-04-19,60.742770048411664,HOBBIES_1_001
2012-04-20,54.259461345961626,HOBBIES_1_001
2012-04-21,56.43568142110063,HOBBIES_1_001
2012-04-22,53.752170744897164,HOBBIES_1_001
2012-04-23,58.77512504598829,HOBBIES_1_001
2012-04-24,63.90156823064464,HOBBIES_1_001
2012-04-25,54.231611369322536,HOBBIES_1_001
2012-04-26,61.711903862315594,HOBBIES_1_001
2012-04-27,56.56885429695739,HOBBIES_1_001
2012-04-28,55.281288338161986,HOBBIES_1_001
2012-04-29,58.733048280515945,HOBBIES_1_001
2012-04-30,54.111572860629366,HOBBIES_1_001
2012-05-01,56.53615936956855,HOBBIES_1_001
2012-05-02,53.328675985589015,HOBBIES_1_001
2012-05-03,69.15239076917084,HOBBIES_1_001
2012-05-04,59.51282547658734,HOBBIES_1_001
2012-05-05,55.84266947348307,HOBBIES_1_001
2012-05-06,60.41303715203631,HOBBIES_1_001
2012-05-07,58.780394700423486,HOBBIES_1_001
2012-05-08,58.23314741685242,HOBBIES_1_001
2012-05-09,62.40185971530258,HOBBIES_1_001
2012-05-10,63.10867398873554,HOBBIES_1_001
2012-05-11,56.65582630035348,HOBBIES_1_001
2012-05-12,56.41353462830354,HOBBIES_1_001
2012-05-13,57.898769008987685,HOBBIES_1_001
2012-05-14,47.74294273827003,HOBBIES_1_001
2012-05-15,51.65224610960808,HOBBIES_1_001
2012-05-16,66.03537064530697,HOBBIES_1_001
2012-05-17,67.39579487527429,HOBBIES_1_001
2012-05-18,57.892907147055276,HOBBIES_1_001
2012-05-19,61.98519299715052,HOBBIES_1_001
2012-05-20,60.62018618689151,HOBBIES_1_001
2012-05-21,74.41709050712753,HOBBIES_1_001
2012-05-22,64.5765541368274,HOBBIES_1_001
2012-05-23,58.292345864165725,HOBBIES_1_001
2012-05-24,54.10476686216767,HOBBIES_1_001
2012-05-25,50.79807438943865,HOBBIES_1_001
2012-05-26,59.79278425741691,HOBBIES_1_001
2012-05-27,54.93621787385715,HOBBIES_1_001
2012-05-28,51.54657706898276,HOBBIES_1_001
2012-05-29,55.36224754636839,HOBBIES_1_001
2012-05-30,53.12205524616697,HOBBIES_1_001
2012-05-31,66.89762905985296,HOBBIES_1_001
2012-06-01,62.799713748521796,HOBBIES_1_001
2012-06-02,58.27874118109922,HOBBIES_1_001
2012-06-03,65.64293747843719,HOBBIES_1_001
2012-06-04,58.55222205269726,HOBBIES_1_001
2012-06-05,53.77870365982015,HOBBIES_1_001
2012-06-06,65.61809943067851,HOBBIES_1_001
2012-06-07,60.61202437896654,HOBBIES_1_001
2012-06-08,52.64391045504627,HOBBIES_1_001
2012-06-09,56.78881875374755,HOBBIES_1_001
2012-06-10,53.2705282279085,HOBBIES_1_001
2012-06-11,50.64049787642851,HOBBIES_1_001
2012-06-12,62.089064904539356,HOBBIES_1_001
2012-06-13,66.90677916837856,HOBBIES_1_001
2012-06-14,50.26625026449639,HOBBIES_1_001
2012-06-15,59.97123568809498,HOBBIES_1_001
2012-06-16,53.798423688185416,HOBBIES_1_001
2012-06-17,54.509239365588286,HOBBIES_1_001
2012-06-18,53.87414679642495,HOBBIES_1_001
2012-06-19,52.40547133274704,HOBBIES_1_001
2012-06-20,56.855439537715,HOBBIES_1_001
2012-06-21,52.34362387286265,HOBBIES_1_001
2012-06-22,57.734378419685,HOBBIES_1_001
2012-06-23,56.012840837467664,HOBBIES_1_001
2012-06-24,54.94948650975186,HOBBIES_1_001
2012-06-25,51.484903582186455,HOBBIES_1_001
2012-06-26,53.01570220410956,HOBBIES_1_001
2012-06-27,59.55173628554487,HOBBIES_1_001
2012-06-28,58.15301472632922,HOBBIES_1_001
2012-06-29,50.63277199176581,HOBBIES_1_001
2012-06-30,55.88784388278588,HOBBIES_1_001
2012-07-01,59.017311181402455,HOBBIES_1_001
2012-07-02,46.78114622053465,HOBBIES_1_001
2012-07-03,57.71141969971357,HOBBIES_1_001
2012-07-04,51.546640702527284,HOBBIES_1_001
2012-07-05,57.57663423193502,HOBBIES_1_001
2012-07-06,50.770013487917126,HOBBIES_1_001
2012-07-07,45.423400856034135,HOBBIES_1_001
2012-07-08,46.17048202845096,HOBBIES_1_001
2012-07-09,54.40792997383538,HOBBIES_1_001
2012-07-10,55.32440464792589,HOBBIES_1_001
2012-07-11,49.36151980416143,HOBBIES_1_001
2012-07-12,56.932448210199006,HOBBIES_1_001
2012-07-13,45.287389367476635,HOBBIES_1_001
2012-07-14,53.1192640641248,HOBBIES_1_001
2012-07-15,47.248474139330426,HOBBIES_1_001
2012-07-16,49.897534699880694,HOBBIES_1_001
2012-07-17,53.246186250817416,HOBBIES_1_001
2012-07-18,48.55897101460545,HOBBIES_1_001
2012-07-19,50.78952228244796,HOBBIES_1_001
2012-07-20,57.59449352505087,HOBBIES_1_001
2012-07-21,49.528817174428525,HOBBIES_1_001
2012-07-22,56.44155209094908,HOBBIES_1_001
2012-07-23,46.46399075727845,HOBBIES_1_001
2012-07-24,54.61064855035004,HOBBIES_1_001
2012-07-25,59.018293261477794,HOBBIES_1_001
2012-07-26,39.30082084212717,HOBBIES_1_001
2012-07-27,47.52298182505065,HOBBIES_1_001
2012-07-28,54.24110601378378,HOBBIES_1_001
2012-07-29,50.188729217533705,HOBBIES_1_001
2012-07-30,52.907870780083485,HOBBIES_1_001
2012-07-31,47.88042624951543,HOBBIES_1_001
2012-08-01,51.181588395937084,HOBBIES_1_001
2012-08-02,49.8186680412516,HOBBIES_1_001
2012-08-03,56.284557711086364,HOBBIES_1_001
2012-08-04,51.566574116708075,HOBBIES_1_001
2012-08-05,51.83158584078508,HOBBIES_1_001
2012-08-06,47.933621199739896,HOBBIES_1_001
2012-08-07,47.404789918568866,HOBBIES_1_001
2012-08-08,47.53027714289884,HOBBIES_1_001
2012-08-09,51.51605826927002,HOBBIES_1_001
2012-08-10,47.290137315849094,HOBBIES_1_001
2012-08-11,50.695778951222316,HOBBIES_1_001
2012-08-12,59.476386315311316,HOBBIES_1_001
2012-08-13,53.30816593999139,HOBBIES_1_001
2012-08-14,47.17631684277504,HOBBIES_1_001
2012-08-15,54.667177492973906,HOBBIES_1_001
2012-08-16,46.476234779555725,HOBBIES_1_001
2012-08-17,38.18237195540287,HOBBIES_1_001
2012-08-18,43.18987386707012,HOBBIES_1_001
2012-08-19,38.73463271531787,HOBBIES_1_001
2012-08-20,46.19033592290229,HOBBIES_1_001
2012-08-21,47.900378097566644,HOBBIES_1_001
2012-08-22,56.05197485172232,HOBBIES_1_001
2012-08-23,49.167093540827196,HOBBIES_1_001
2012-08-24,46.30083541967479,HOBBIES_1_001
2012-08-25,51.408506729079164,HOBBIES_1_001
2012-08-26,36.072248389794694,HOBBIES_1_001
2012-08-27,48.173794786974916,HOBBIES_1_001
2012-08-28,50.719241174770694,HOBBIES_1_001
2012-08-29,39.34261811631784,HOBBIES_1_001
2012-08-30,52.32643898880294,HOBBIES_1_001
2012-08-31,48.1737994420316,HOBBIES_1_001
2012-09-01,44.280099134520384,HOBBIES_1_001
2012-09-02,49.39728499911259,HOBBIES_1_001
2012-09-03,57.465335105913695,HOBBIES_1_001
2012-09-04,46.901397451554736,HOBBIES_1_001
2012-09-05,47.11510620169149,HOBBIES_1_001
2012-09-06,43.46091860835657,HOBBIES_1_001
2012-09-07,41.394044315660786,HOBBIES_1_001
2012-09-08,49.682351462550706,HOBBIES_1_001
2012-09-09,41.139562013811975,HOBBIES_1_001
2012-09-10,45.66906246266082,HOBBIES_1_001
2012-09-11,42.816173793355475,HOBBIES_1_001
2012-09-12,47.49460718506543,HOBBIES_1_001
2012-09-13,46.66531995381825,HOBBIES_1_001
2012-09-14,50.084101316237195,HOBBIES_1_001
2012-09-15,42.24783839982075,HOBBIES_1_001
2012-09-16,43.352226353258565,HOBBIES_1_001
2012-09-17,39.713659487231794,HOBBIES_1_001
2012-09-18,42.29411911642947,HOBBIES_1_001
2012-09-19,46.31245879952133,HOBBIES_1_001
2012-09-20,48.12356648365913,HOBBIES_1_001
2012-09-21,39.64279189575727,HOBBIES_1_001
2012-09-22,48.519002495042436,HOBBIES_1_001
2012-09-23,50.8689063405412,HOBBIES_1_001
2012-09-24,46.08005529310705,HOBBIES_1_001
2012-09-25,53.32147223608364,HOBBIES_1_001
2012-09-26,39.995636601683216,HOBBIES_1_001
2012-09-27,37.570903159928385,HOBBIES_1_001
2012-09-28,34.83270105221527,HOBBIES_1_001
2012-09-29,51.1412071508405,HOBBIES_1_001
2012-09-30,46.87008022577477,HOBBIES_1_001
2012-10-01,43.26020260614467,HOBBIES_1_001
2012-10-02,44.88047461449391,HOBBIES_1_001
2012-10-03,37.79834633375721,HOBBIES_1_001
2012-10-04,55.60238839388994,HOBBIES_1_001
2012-10-05,43.9702696492822,HOBBIES_1_001
2012-10-06,43.824391954345565,HOBBIES_1_001
2012-10-07,46.862244215617736,HOBBIES_1_001
2012-10-08,45.59720830548535,HOBBIES_1_001
2012-10-09,44.27310950049957,HOBBIES_1_001
2012-10-10,39.165637938911885,HOBBIES_1_001
2012-10-11,45.442483038887715,HOBBIES_1_001
2012-10-12,52.465220735266435,HOBBIES_1_001
2012-10-13,49.75499637114966,HOBBIES_1_001
2012-10-14,50.96948213222464,HOBBIES_1_001
2012-10-15,40.425991684073786,HOBBIES_1_001
2012-10-16,38.01544762815577,HOBBIES_1_001
2012-10-17,42.31883092207125,HOBBIES_1_001
2012-10-18,43.21358668392008,HOBBIES_1_001
2012-10-19,48.396028938244896,HOBBIES_1_001
2012-10-20,34.45577899788299,HOBBIES_1_001
2012-10-21,50.56181420940104,HOBBIES_1_001
2012-10-22,42.12292046971546,HOBBIES_1_001
2012-10-23,40.78039519779251,HOBBIES_1_001
2012-10-24,37.85906796794608,HOBBIES_1_001
2012-10-25,34.65304909705788,HOBBIES_1_001
2012-10-26,47.05388503225192,HOBBIES_1_001
2012-10-27,43.31828150061316,HOBBIES_1_001
2012-10-28,36.5185085895441,HOBBIES_1_001
2012-10-29,36.5125036203688,HOBBIES_1_001
2012-10-30,41.33152156505126,HOBBIES_1_001
2012-10-31,51.381062798602976,HOBBIES_1_001
2012-11-01,41.76646951943121,HOBBIES_1_001
2012-11-02,35.58014119438482,HOBBIES_1_001
2012-11-03,41.90152561240743,HOBBIES_1_001
2012-11-04,41.80395917988311,HOBBIES_1_001
2012-11-05,29.723425991925822,HOBBIES_1_001
2012-11-06,42.979607220602446,HOBBIES_1_001
2012-11-07,42.142564632333816,HOBBIES_1_001
2012-11-08,46.827350567115275,HOBBIES_1_001
2012-11-09,52.64309788583177,HOBBIES_1_001
2012-11-10,49.08604904975539,HOBBIES_1_001
2012-11-11,42.16658451582684,HOBBIES_1_001
2012-11-12,38.03908896135381,HOBBIES_1_001
2012-11-13,56.50208256653002,HOBBIES_1_001
2012-11-14,43.99780246143073,HOBBIES_1_001
2012-11-15,43.840631526979,HOBBIES_1_001
2012-11-16,43.72246793808381,HOBBIES_1_001
2012-11-17,44.908443669405244,HOBBIES_1_001
2012-11-18,43.27394630405076,HOBBIES_1_001
2012-11-19,41.20795182371102,HOBBIES_1_001
2012-11-20,41.425247807599575,HOBBIES_1_001
2012-11-21,44.08180532459919,HOBBIES_1_001
2012-11-22,41.61720601857539,HOBBIES_1_001
2012-11-23,40.86156791793742,HOBBIES_1_001
2012-11-24,45.052102604538675,HOBBIES_1_001
2012-11-25,43.3418858141539,HOBBIES_1_001
2012-11-26,52.23620041258549,HOBBIES_1_001
2012-11-27,31.56346967895024,HOBBIES_1_001
2012-11-28,50.380531687926094,HOBBIES_1_001
2012-11-29,51.26067255859191,HOBBIES_1_001
2012-11-30,34.77308930479779,HOBBIES_1_001
2012-12-01,43.538914558619325,HOBBIES_1_001
2012-12-02,43.50995119498085,HOBBIES_1_001
2012-12-03,38.446862985256665,HOBBIES_1_001
2012-12-04,41.715038167093965,HOBBIES_1_001
2012-12-05,40.17334728929808,HOBBIES_1_001
2012-12-06,54.61205825117635,HOBBIES_1_001
2012-12-07,50.65592125990759,HOBBIES_1_001
2012-12-08,52.4644402142615,HOBBIES_1_001
2012-12-09,49.846440446812665,HOBBIES_1_001
2012-12-10,40.726483681582444,HOBBIES_1_001
2012-12-11,43.885017056847445,HOBBIES_1_001
2012-12-12,49.09254624431868,HOBBIES_1_001
2012-12-13,40.675233757112764,HOBBIES_1_001
2012-12-14,50.49317310798774,HOBBIES_1_001
2012-12-15,45.87093476786697,HOBBIES_1_001
2012-12-16,45.34487440806889,HOBBIES_1_001
2012-12-17,50.92219349599304,HOBBIES_1_001
2012-12-18,49.739085987730775,HOBBIES_1_001
2012-12-19,45.86523640590526,HOBBIES_1_001
2012-12-20,53.620896979567036,HOBBIES_1_001
2012-12-21,42.57495531125574,HOBBIES_1_001
2012-12-22,51.21777701877221,HOBBIES_1_001
2012-12-23,51.26319461221448,HOBBIES_1_001
2012-12-24,46.911266500681464,HOBBIES_1_001
2012-12-25,50.25265344294901,HOBBIES_1_001
2012-12-26,42.531047069357165,HOBBIES_1_001
2012-12-27,53.572970892297704,HOBBIES_1_001
2012-12-28,48.19609695243473,HOBBIES_1_001
2012-12-29,46.67627167222777,HOBBIES_1_001
2012-12-30,54.70567520770137,HOBBIES_1_001
2012-12-31,46.11107152118453,HOBBIES_1_001
2013-01-01,42.76401798695696,HOBBIES_1_001
2013-01-02,42.19804129630704,HOBBIES_1_001
2013-01-03,53.18738202328796,HOBBIES_1_001
2013-01-04,43.932566841393815,HOBBIES_1_001
2013-01-05,59.28725554667274,HOBBIES_1_001
2013-01-06,40.28335143411369,HOBBIES_1_001
2013-01-07,59.35608972537753,HOBBIES_1_001
2013-01-08,52.11075264901504,HOBBIES_1_001
2013-01-09,50.75495733591951,HOBBIES_1_001
2013-01-10,48.69773703483952,HOBBIES_1_001
2013-01-11,53.60272616165345,HOBBIES_1_001
2013-01-12,51.60444003448592,HOBBIES_1_001
2013-01-13,57.49549678412399,HOBBIES_1_001
2013-01-14,52.73725611170598,HOBBIES_1_001
2013-01-15,53.10546440897504,HOBBIES_1_001
2013-01-16,50.72438987520387,HOBBIES_1_001
2013-01-17,52.4468259211736,HOBBIES_1_001
2013-01-18,54.46022374410893,HOBBIES_1_001
2013-01-19,44.5605413747895,HOBBIES_1_001
2013-01-20,46.56108191630625,HOBBIES_1_001
2013-01-21,57.20936197233956,HOBBIES_1_001
2013-01-22,54.538757370636894,HOBBIES_1_001
2013-01-23,52.9562076885857,HOBBIES_1_001
2013-01-24,54.16024295827938,HOBBIES_1_001
2013-01-25,55.99813461880345,HOBBIES_1_001
2013-01-26,51.7537334497054,HOBBIES_1_001
2013-01-27,50.75341598216178,HOBBIES_1_001
2013-01-28,55.81662464947216,HOBBIES_1_001
2013-01-29,50.13799325071895,HOBBIES_1_001
2013-01-30,57.2635286752876,HOBBIES_1_001
2013-01-31,46.901652634783154,HOBBIES_1_001
2013-02-01,60.7525016416433,HOBBIES_1_001
2013-02-02,58.16165978968358,HOBBIES_1_001
2013-02-03,57.27051523953965,HOBBIES_1_001
2013-02-04,61.09521016546907,HOBBIES_1_001
2013-02-05,64.70015994344553,HOBBIES_1_001
2013-02-06,61.63526373498549,HOBBIES_1_001
2013-02-07,47.549210691660605,HOBBIES_1_001
2013-02-08,50.545357874510046,HOBBIES_1_001
2013-02-09,54.00825292321593,HOBBIES_1_001
2013-02-10,57.45129639735598,HOBBIES_1_001
2013-02-11,60.0969739819173,HOBBIES_1_001
2013-02-12,54.06709030815877,HOBBIES_1_001
2013-02-13,58.8160170237427,HOBBIES_1_001
2013-02-14,54.29083649630776,HOBBIES_1_001
2013-02-15,55.19487526412348,HOBBIES_1_001
2013-02-16,51.40296836845489,HOBBIES_1_001
2013-02-17,54.002965204411,HOBBIES_1_001
2013-02-18,52.042565835958456,HOBBIES_1_001
2013-02-19,54.10243200954852,HOBBIES_1_001
2013-02-20,64.42972109425575,HOBBIES_1_001
2013-02-21,54.59308869993252,HOBBIES_1_001
2013-02-22,72.67937480559466,HOBBIES_1_001
2013-02-23,62.16019908844534,HOBBIES_1_001
2013-02-24,60.79265289766708,HOBBIES_1_001
2013-02-25,55.75021787316308,HOBBIES_1_001
2013-02-26,63.71571706649552,HOBBIES_1_001
2013-02-27,57.50672084195561,HOBBIES_1_001
2013-02-28,61.164238186544594,HOBBIES_1_001
2013-03-01,73.52238364304824,HOBBIES_1_001
2013-03-02,60.40788229806056,HOBBIES_1_001
2013-03-03,66.79917504765741,HOBBIES_1_001
2013-03-04,57.6999159250866,HOBBIES_1_001
2013-03-05,61.2021659731101,HOBBIES_1_001
2013-03-06,70.39070094209413,HOBBIES_1_001
2013-03-07,58.55968950977339,HOBBIES_1_001
2013-03-08,70.91279157520631,HOBBIES_1_001
2013-03-09,65.5434891902442,HOBBIES_1_001
2013-03-10,59.344693438195556,HOBBIES_1_001
2013-03-11,65.46944178826949,HOBBIES_1_001
2013-03-12,67.31859055028423,HOBBIES_1_001
2013-03-13,65.71128480039583,HOBBIES_1_001
2013-03-14,54.895492191389394,HOBBIES_1_001
2013-03-15,59.253238067270644,HOBBIES_1_001
2013-03-16,61.791530132030864,HOBBIES_1_001
2013-03-17,62.79501121422093,HOBBIES_1_001
2013-03-18,66.40641469805227,HOBBIES_1_001
2013-03-19,64.32522162603726,HOBBIES_1_001
2013-03-20,56.89141021512628,HOBBIES_1_001
2013-03-21,65.598256708827,HOBBIES_1_001
2013-03-22,66.87701944032835,HOBBIES_1_001
2013-03-23,66.74752247099545,HOBBIES_1_001
2013-03-24,69.47457877069225,HOBBIES_1_001
2013-03-25,68.35998606186622,HOBBIES_1_001
2013-03-26,66.60354161914985,HOBBIES_1_001
2013-03-27,64.07161566165317,HOBBIES_1_001
2013-03-28,56.22995161354898,HOBBIES_1_001
2013-03-29,66.79264124752663,HOBBIES_1_001
2013-03-30,65.79023775546924,HOBBIES_1_001
2013-03-31,66.21437221302905,HOBBIES_1_001
2013-04-01,58.57481839919387,HOBBIES_1_001
2013-04-02,59.65274214466799,HOBBIES_1_001
2013-04-03,70.42060954855279,HOBBIES_1_001
2013-04-04,65.05122414736097,HOBBIES_1_001
2013-04-05,68.74797036058638,HOBBIES_1_001
2013-04-06,65.57081695294059,HOBBIES_1_001
2013-04-07,65.66403493164466,HOBBIES_1_001
2013-04-08,70.28995391973525,HOBBIES_1_001
2013-04-09,63.09882474321014,HOBBIES_1_001
2013-04-10,66.23738076710643,HOBBIES_1_001
2013-04-11,63.520326930808444,HOBBIES_1_001
2013-04-12,63.73133054339163,HOBBIES_1_001
2013-04-13,64.42722583926599,HOBBIES_1_001
2013-04-14,67.15018205585532,HOBBIES_1_001
2013-04-15,63.709335134587924,HOBBIES_1_001
2013-04-16,72.44254940723408,HOBBIES_1_001
2013-04-17,61.748536334853355,HOBBIES_1_001
2013-04-18,65.34212111605564,HOBBIES_1_001
2013-04-19,64.12982271354842,HOBBIES_1_001
2013-04-20,73.61244888635893,HOBBIES_1_001
2013-04-21,67.40648907733384,HOBBIES_1_001
2013-04-22,71.62616023867696,HOBBIES_1_001
2013-04-23,59.079417854161164,HOBBIES_1_001
2013-04-24,67.87980714447662,HOBBIES_1_001
2013-04-25,71.02709476610931,HOBBIES_1_001
2013-04-26,67.02179041809536,HOBBIES_1_001
2013-04-27,71.96624345113823,HOBBIES_1_001
2013-04-28,64.07790943596372,HOBBIES_1_001
2013-04-29,73.7336364682085,HOBBIES_1_001
2013-04-30,78.20097427781437,HOBBIES_1_001
2013-05-01,64.90891228109804,HOBBIES_1_001
2013-05-02,64.50925202852127,HOBBIES_1_001
2013-05-03,74.01438667716926,HOBBIES_1_001
2013-05-04,74.65306763237413,HOBBIES_1_001
2013-05-05,64.14569606467153,HOBBIES_1_001
2013-05-06,64.66090269987778,HOBBIES_1_001
2013-05-07,65.35181109156697,HOBBIES_1_001
2013-05-08,60.03444204633901,HOBBIES_1_001
2013-05-09,62.15646566965634,HOBBIES_1_001
2013-05-10,61.719130791730535,HOBBIES_1_001
2013-05-11,62.888043399877354,HOBBIES_1_001
2013-05-12,66.53790058158489,HOBBIES_1_001
2013-05-13,67.86380034442038,HOBBIES_1_001
2013-05-14,74.42375021301021,HOBBIES_1_001
2013-05-15,61.65513040389876,HOBBIES_1_001
2013-05-16,71.54131048745914,HOBBIES_1_001
2013-05-17,65.5197112736322,HOBBIES_1_001
2013-05-18,66.30946798356686,HOBBIES_1_001
2013-05-19,69.89520482969658,HOBBIES_1_001
2013-05-20,60.8690244933542,HOBBIES_1_001
2013-05-21,68.35343438276345,HOBBIES_1_001
2013-05-22,67.22963980771166,HOBBIES_1_001
2013-05-23,68.81288932860215,HOBBIES_1_001
2013-05-24,67.74701147170077,HOBBIES_1_001
2013-05-25,78.52550587727286,HOBBIES_1_001
2013-05-26,63.005465343816084,HOBBIES_1_001
2013-05-27,63.48168601226145,HOBBIES_1_001
2013-05-28,62.96084217183918,HOBBIES_1_001
2013-05-29,63.23642555877162,HOBBIES_1_001
2013-05-30,62.76155881469823,HOBBIES_1_001
2013-05-31,71.82570272701977,HOBBIES_1_001
2013-06-01,72.91273539071568,HOBBIES_1_001
2013-06-02,62.88357210592679,HOBBIES_1_001
2013-06-03,61.50013810545779,HOBBIES_1_001
2013-06-04,67.94115748338305,HOBBIES_1_001
2013-06-05,62.74270863204849,HOBBIES_1_001
2013-06-06,68.58583732009964,HOBBIES_1_001
2013-06-07,66.35078845179162,HOBBIES_1_001
2013-06-08,57.67011983868426,HOBBIES_1_001
2013-06-09,72.89673733780776,HOBBIES_1_001
2013-06-10,74.04670704730177,HOBBIES_1_001
2013-06-11,61.909252265820136,HOBBIES_1_001
2013-06-12,62.93836855419309,HOBBIES_1_001
2013-06-13,66.20772210664431,HOBBIES_1_001
2013-06-14,66.35007127051911,HOBBIES_1_001
2013-06-15,67.86781005499816,HOBBIES_1_001
2013-06-16,74.52135841461816,HOBBIES_1_001
2013-06-17,63.47882933393338,HOBBIES_1_001
2013-06-18,60.26332938191892,HOBBIES_1_001
2013-06-19,57.24752822806538,HOBBIES_1_001
2013-06-20,60.376880385273125,HOBBIES_1_001
2013-06-21,63.75143877754073,HOBBIES_1_001
2013-06-22,72.77358279536664,HOBBIES_1_001
2013-06-23,61.09467407652435,HOBBIES_1_001
2013-06-24,64.68186568927025,HOBBIES_1_001
2013-06-25,63.35930659902257,HOBBIES_1_001
2013-06-26,69.26022441118354,HOBBIES_1_001
2013-06-27,75.82814147277605,HOBBIES_1_001
2013-06-28,60.41278411059757,HOBBIES_1_001
2013-06-29,60.49205019015933,HOBBIES_1_001
2013-06-30,68.030685927977,HOBBIES_1_001
2013-07-01,66.08853219966693,HOBBIES_1_001
2013-07-02,71.78040844181353,HOBBIES_1_001
2013-07-03,65.33295885143559,HOBBIES_1_001
2013-07-04,60.48199823031308,HOBBIES_1_001
2013-07-05,65.09561422942264,HOBBIES_1_001
2013-07-06,67.54852636053613,HOBBIES_1_001
2013-07-07,65.96892145233542,HOBBIES_1_001
2013-07-08,64.26326356039513,HOBBIES_1_001
2013-07-09,66.9195778754661,HOBBIES_1_001
2013-07-10,67.29096927853871,HOBBIES_1_001
2013-07-11,68.21259707186299,HOBBIES_1_001
2013-07-12,64.40173454125222,HOBBIES_1_001
2013-07-13,60.17809846422904,HOBBIES_1_001
2013-07-14,61.60193067651987,HOBBIES_1_001
2013-07-15,66.75479915767635,HOBBIES_1_001
2013-07-16,56.49073607094718,HOBBIES_1_001
2013-07-17,62.27125862559174,HOBBIES_1_001
2013-07-18,58.31304296638027,HOBBIES_1_001
2013-07-19,60.27472330526304,HOBBIES_1_001
2013-07-20,66.37398797900704,HOBBIES_1_001
2013-07-21,60.787471049135675,HOBBIES_1_001
2013-07-22,59.913973458396,HOBBIES_1_001
2013-07-23,52.731943512658816,HOBBIES_1_001
2013-07-24,63.1115946779016,HOBBIES_1_001
2013-07-25,62.456570250885555,HOBBIES_1_001
2013-07-26,69.89401614628278,HOBBIES_1_001
2013-07-27,57.3872661146299,HOBBIES_1_001
2013-07-28,59.87019620319266,HOBBIES_1_001
2013-07-29,59.86957375329434,HOBBIES_1_001
2013-07-30,66.35810699903617,HOBBIES_1_001
2013-07-31,57.84257370815163,HOBBIES_1_001
2013-08-01,59.56244627441617,HOBBIES_1_001
2013-08-02,61.05523595378658,HOBBIES_1_001
2013-08-03,58.797392205560975,HOBBIES_1_001
2013-08-04,55.48100101444122,HOBBIES_1_001
2013-08-05,58.53272168189248,HOBBIES_1_001
2013-08-06,62.779863966642964,HOBBIES_1_001
2013-08-07,52.1289437288679,HOBBIES_1_001
2013-08-08,57.7766156397232,HOBBIES_1_001
2013-08-09,53.46189266967454,HOBBIES_1_001
2013-08-10,62.788992051566495,HOBBIES_1_001
2013-08-11,49.04966932981325,HOBBIES_1_001
2013-08-12,53.723472272718055,HOBBIES_1_001
2013-08-13,58.2573009851474,HOBBIES_1_001
2013-08-14,64.05275383677781,HOBBIES_1_001
2013-08-15,55.75105576378112,HOBBIES_1_001
2013-08-16,53.15931319818936,HOBBIES_1_001
2013-08-17,65.19747916548694,HOBBIES_1_001
2013-08-18,48.408935106567775,HOBBIES_1_001
2013-08-19,44.51326172433859,HOBBIES_1_001
2013-08-20,57.56667478036739,HOBBIES_1_001
2013-08-21,52.7167142668477,HOBBIES_1_001
2013-08-22,49.98232339168421,HOBBIES_1_001
2013-08-23,58.492938095495035,HOBBIES_1_001
2013-08-24,56.034040819566975,HOBBIES_1_001
2013-08-25,51.85978485646993,HOBBIES_1_001
2013-08-26,48.14510212847151,HOBBIES_1_001
2013-08-27,58.77670782482468,HOBBIES_1_001
2013-08-28,57.53462028212104,HOBBIES_1_001
2013-08-29,53.658369213312,HOBBIES_1_001
2013-08-30,63.259552939998514,HOBBIES_1_001
2013-08-31,48.54959275992066,HOBBIES_1_001
2013-09-01,46.14761203639255,HOBBIES_1_001
2013-09-02,50.19253450616681,HOBBIES_1_001
2013-09-03,53.302639922106096,HOBBIES_1_001
2013-09-04,54.62746260986759,HOBBIES_1_001
2013-09-05,52.08652216790003,HOBBIES_1_001
2013-09-06,54.936699275621145,HOBBIES_1_001
2013-09-07,46.804268229024416,HOBBIES_1_001
2013-09-08,60.16819458718764,HOBBIES_1_001
2013-09-09,52.42792443838533,HOBBIES_1_001
2013-09-10,58.31640962149636,HOBBIES_1_001
2013-09-11,54.33678694606145,HOBBIES_1_001
2013-09-12,54.802173339094274,HOBBIES_1_001
2013-09-13,55.26454501553641,HOBBIES_1_001
2013-09-14,54.553643582026154,HOBBIES_1_001
2013-09-15,55.430233380424085,HOBBIES_1_001
2013-09-16,58.766062867379446,HOBBIES_1_001
2013-09-17,53.00878310164255,HOBBIES_1_001
2013-09-18,55.47930339174446,HOBBIES_1_001
2013-09-19,51.3959770498528,HOBBIES_1_001
2013-09-20,58.95790866467159,HOBBIES_1_001
2013-09-21,48.290356193340926,HOBBIES_1_001
2013-09-22,60.5943742460601,HOBBIES_1_001
2013-09-23,51.308626480286605,HOBBIES_1_001
2013-09-24,44.277704453390186,HOBBIES_1_001
2013-09-25,51.99671443483913,HOBBIES_1_001
2013-09-26,47.87802349681853,HOBBIES_1_001
2013-09-27,55.41609360842095,HOBBIES_1_001
2013-09-28,47.88188158721657,HOBBIES_1_001
2013-09-29,48.848767614312564,HOBBIES_1_001
2013-09-30,41.5692474762687,HOBBIES_1_001
2013-10-01,48.69529355144343,HOBBIES_1_001
2013-10-02,38.779934036741906,HOBBIES_1_001
2013-10-03,42.92497663981236,HOBBIES_1_001
2013-10-04,54.594400963519156,HOBBIES_1_001
2013-10-05,54.671863719652094,HOBBIES_1_001
2013-10-06,52.823404977237786,HOBBIES_1_001
2013-10-07,45.81722956747008,HOBBIES_1_001
2013-10-08,50.37230455308376,HOBBIES_1_001
2013-10-09,50.55437587064296,HOBBIES_1_001
2013-10-10,44.74488595716761,HOBBIES_1_001
2013-10-11,58.020831949035355,HOBBIES_1_001
2013-10-12,54.86060889276148,HOBBIES_1_001
2013-10-13,49.341774458218325,HOBBIES_1_001
2013-10-14,50.55667738099218,HOBBIES_1_001
2013-10-15,51.442683292959344,HOBBIES_1_001
2013-10-16,40.173496574319095,HOBBIES_1_001
2013-10-17,49.13057779695838,HOBBIES_1_001
2013-10-18,46.943740069479475,HOBBIES_1_001
2013-10-19,45.33567048340744,HOBBIES_1_001
2013-10-20,48.93129986901918,HOBBIES_1_001
2013-10-21,59.32119443333745,HOBBIES_1_001
2013-10-22,53.535873455937335,HOBBIES_1_001
2013-10-23,47.4776047856075,HOBBIES_1_001
2013-10-24,53.20120293801958,HOBBIES_1_001
2013-10-25,57.34280882630861,HOBBIES_1_001
2013-10-26,54.97989971399806,HOBBIES_1_001
2013-10-27,50.66854270126389,HOBBIES_1_001
2013-10-28,47.15232838671337,HOBBIES_1_001
2013-10-29,53.89771323574669,HOBBIES_1_001
2013-10-30,52.39657117560252,HOBBIES_1_001
2013-10-31,54.930620459286544,HOBBIES_1_001
2013-11-01,53.65898447165095,HOBBIES_1_001
2013-11-02,55.7623187235639,HOBBIES_1_001
2013-11-03,47.87276406202618,HOBBIES_1_001
2013-11-04,57.173246543784956,HOBBIES_1_001
2013-11-05,51.61455641708755,HOBBIES_1_001
2013-11-06,61.04608510330971,HOBBIES_1_001
2013-11-07,47.269997379921236,HOBBIES_1_001
2013-11-08,59.4448369458663,HOBBIES_1_001
2013-11-09,51.80657051541015,HOBBIES_1_001
2013-11-10,47.61483307093623,HOBBIES_1_001
2013-11-11,48.51029798532126,HOBBIES_1_001
2013-11-12,49.38868115108243,HOBBIES_1_001
2013-11-13,53.17481246928217,HOBBIES_1_001
2013-11-14,53.73458691852766,HOBBIES_1_001
2013-11-15,48.32118423471325,HOBBIES_1_001
2013-11-16,51.14001959932079,HOBBIES_1_001
2013-11-17,62.04807084561716,HOBBIES_1_001
2013-11-18,60.0521634011659,HOBBIES_1_001
2013-11-19,53.676579393474235,HOBBIES_1_001
2013-11-20,51.7682590916344,HOBBIES_1_001
2013-11-21,52.26442749626236,HOBBIES_1_001
2013-11-22,54.82061892488817,HOBBIES_1_001
2013-11-23,46.73053319232307,HOBBIES_1_001
2013-11-24,50.65176796595433,HOBBIES_1_001
2013-11-25,43.69255071886209,HOBBIES_1_001
2013-11-26,54.13105026969031,HOBBIES_1_001
2013-11-27,55.47299760642086,HOBBIES_1_001
2013-11-28,49.92576430380879,HOBBIES_1_001
2013-11-29,60.31887959954579,HOBBIES_1_001
2013-11-30,46.4299113388187,HOBBIES_1_001
2013-12-01,45.34917731496385,HOBBIES_1_001
2013-12-02,53.90811380475155,HOBBIES_1_001
2013-12-03,58.138612158898404,HOBBIES_1_001
2013-12-04,61.44245924932954,HOBBIES_1_001
2013-12-05,50.85050438927439,HOBBIES_1_001
2013-12-06,58.66280938820659,HOBBIES_1_001
2013-12-07,53.20368613365862,HOBBIES_1_001
2013-12-08,52.66222742657846,HOBBIES_1_001
2013-12-09,58.07507900102173,HOBBIES_1_001
2013-12-10,57.05205611672756,HOBBIES_1_001
2013-12-11,46.04435679031695,HOBBIES_1_001
2013-12-12,61.44707437380043,HOBBIES_1_001
2013-12-13,61.10502875930162,HOBBIES_1_001
2013-12-14,51.21906663657002,HOBBIES_1_001
2013-12-15,56.47027861283654,HOBBIES_1_001
2013-12-16,57.10782856422246,HOBBIES_1_001
2013-12-17,56.089461671086994,HOBBIES_1_001
2013-12-18,52.18494284806536,HOBBIES_1_001
2013-12-19,51.73064958230227,HOBBIES_1_001
2013-12-20,55.115176794780425,HOBBIES_1_001
2013-12-21,61.26261623254392,HOBBIES_1_001
2013-12-22,58.27479894401492,HOBBIES_1_001
2013-12-23,53.86331584893391,HOBBIES_1_001
2013-12-24,59.73619143748502,HOBBIES_1_001
2013-12-25,41.79797441557993,HOBBIES_1_001
2013-12-26,61.949142640136046,HOBBIES_1_001
2013-12-27,47.67296608936456,HOBBIES_1_001
2013-12-28,54.72710211462588,HOBBIES_1_001
2013-12-29,51.11023648868412,HOBBIES_1_001
2013-12-30,50.40592088690423,HOBBIES_1_001
2013-12-31,62.85562309778279,HOBBIES_1_001
2014-01-01,54.886517649207164,HOBBIES_1_001
2014-01-02,59.13240575957202,HOBBIES_1_001
2014-01-03,57.34142855915572,HOBBIES_1_001
2014-01-04,60.13861692698269,HOBBIES_1_001
2014-01-05,58.31609327904405,HOBBIES_1_001
2014-01-06,51.69673653958128,HOBBIES_1_001
2014-01-07,63.27384116815491,HOBBIES_1_001
2014-01-08,56.005581584187254,HOBBIES_1_001
2014-01-09,50.874312588964585,HOBBIES_1_001
2014-01-10,56.700455851046556,HOBBIES_1_001
2014-01-11,66.52954373005653,HOBBIES_1_001
2014-01-12,63.46242144416951,HOBBIES_1_001
2014-01-13,57.654425888993956,HOBBIES_1_001
2014-01-14,57.838528533795504,HOBBIES_1_001
2014-01-15,58.16447953257061,HOBBIES_1_001
2014-01-16,70.34489004106922,HOBBIES_1_001
2014-01-17,62.059930487928554,HOBBIES_1_001
2014-01-18,62.49012232259586,HOBBIES_1_001
2014-01-19,65.68149979522373,HOBBIES_1_001
2014-01-20,61.91465400895927,HOBBIES_1_001
2014-01-21,59.616529960114335,HOBBIES_1_001
2014-01-22,60.121380121564165,HOBBIES_1_001
2014-01-23,60.93681726027065,HOBBIES_1_001
2014-01-24,61.30066129739505,HOBBIES_1_001
2014-01-25,65.31707299717189,HOBBIES_1_001
2014-01-26,62.130960467280595,HOBBIES_1_001
2014-01-27,65.72683918224313,HOBBIES_1_001
2014-01-28,61.85251466043269,HOBBIES_1_001
2014-01-29,62.84173227736643,HOBBIES_1_001
2014-01-30,52.64996066104657,HOBBIES_1_001
2014-01-31,67.41490821647662,HOBBIES_1_001
2014-02-01,64.75786502149691,HOBBIES_1_001
2014-02-02,68.2074221139085,HOBBIES_1_001
2014-02-03,48.927788863993705,HOBBIES_1_001
2014-02-04,74.042327956637,HOBBIES_1_001
2014-02-05,63.09353876734863,HOBBIES_1_001
2014-02-06,69.52302668057428,HOBBIES_1_001
2014-02-07,58.97275139968303,HOBBIES_1_001
2014-02-08,67.42581142049323,HOBBIES_1_001
2014-02-09,59.28396718281792,HOBBIES_1_001
2014-02-10,61.620695529814654,HOBBIES_1_001
2014-02-11,74.49753483589748,HOBBIES_1_001
2014-02-12,64.16109655710126,HOBBIES_1_001
2014-02-13,66.38804675424781,HOBBIES_1_001
2014-02-14,69.83678899851003,HOBBIES_1_001
2014-02-15,68.14957290593807,HOBBIES_1_001
2014-02-16,66.60706756540574,HOBBIES_1_001
2014-02-17,67.86263563428851,HOBBIES_1_001
2014-02-18,78.23676597722337,HOBBIES_1_001
2014-02-19,66.11240347625912,HOBBIES_1_001
2014-02-20,67.58570653178327,HOBBIES_1_001
2014-02-21,72.01205431112218,HOBBIES_1_001
2014-02-22,72.46379333318951,HOBBIES_1_001
2014-02-23,73.04746029883466,HOBBIES_1_001
2014-02-24,70.48082257633051,HOBBIES_1_001
2014-02-25,61.7456813974086,HOBBIES_1_001
2014-02-26,75.80002451794789,HOBBIES_1_001
2014-02-27,62.07188219504293,HOBBIES_1_001
2014-02-28,69.48606562650484,HOBBIES_1_001
2014-03-01,64.36928088859935,HOBBIES_1_001
2014-03-02,67.98618925071071,HOBBIES_1_001
2014-03-03,70.1153196547383,HOBBIES_1_001
2014-03-04,70.24128331495928,HOBBIES_1_001
2014-03-05,70.9054113837632,HOBBIES_1_001
2014-03-06,77.02395329620168,HOBBIES_1_001
2014-03-07,71.38089549327401,HOBBIES_1_001
2014-03-08,68.04846479576031,HOBBIES_1_001
2014-03-09,74.24386454140046,HOBBIES_1_001
2014-03-10,75.52307894928195,HOBBIES_1_001
2014-03-11,63.58806320429878,HOBBIES_1_001
2014-03-12,72.86151783839173,HOBBIES_1_001
2014-03-13,73.52679788785618,HOBBIES_1_001
2014-03-14,68.6774974610336,HOBBIES_1_001
2014-03-15,77.18615719994494,HOBBIES_1_001
2014-03-16,69.69754456161762,HOBBIES_1_001
2014-03-17,71.21375981407076,HOBBIES_1_001
2014-03-18,69.85639427587142,HOBBIES_1_001
2014-03-19,70.93331104627018,HOBBIES_1_001
2014-03-20,65.50545576119262,HOBBIES_1_001
2014-03-21,63.91571222781758,HOBBIES_1_001
2014-03-22,79.21531521702596,HOBBIES_1_001
2014-03-23,67.13246267674049,HOBBIES_1_001
2014-03-24,66.53241258262946,HOBBIES_1_001
2014-03-25,60.842123908095004,HOBBIES_1_001
2014-03-26,68.53153167155203,HOBBIES_1_001
2014-03-27,65.22569443890079,HOBBIES_1_001
2014-03-28,80.16353126880266,HOBBIES_1_001
2014-03-29,77.11233478556875,HOBBIES_1_001
2014-03-30,68.72974678075694,HOBBIES_1_001
2014-03-31,83.53735624076559,HOBBIES_1_001
2014-04-01,77.28608790024526,HOBBIES_1_001
2014-04-02,70.85256711615807,HOBBIES_1_001
2014-04-03,60.07651589451229,HOBBIES_1_001
2014-04-04,84.12241196658982,HOBBIES_1_001
2014-04-05,65.81130372689714,HOBBIES_1_001
2014-04-06,64.6209305244957,HOBBIES_1_001
2014-04-07,78.046805581206,HOBBIES_1_001
2014-04-08,85.21599610854351,HOBBIES_1_001
2014-04-09,80.01911166384147,HOBBIES_1_001
2014-04-10,75.99502166965517,HOBBIES_1_001
2014-04-11,76.22417426965194,HOBBIES_1_001
2014-04-12,77.5895886614466,HOBBIES_1_001
2014-04-13,77.18642859253488,HOBBIES_1_001
2014-04-14,74.8641695045255,HOBBIES_1_001
2014-04-15,74.04278294965656,HOBBIES_1_001
2014-04-16,73.26950232686073,HOBBIES_1_001
2014-04-17,69.87044908860936,HOBBIES_1_001
2014-04-18,72.29180313952043,HOBBIES_1_001
2014-04-19,65.28239312093424,HOBBIES_1_001
2014-04-20,73.3045605176084,HOBBIES_1_001
2014-04-21,68.89945884601325,HOBBIES_1_001
2014-04-22,68.3676901422468,HOBBIES_1_001
2014-04-23,74.8253896621053,HOBBIES_1_001
2014-04-24,80.92326643384519,HOBBIES_1_001
2014-04-25,78.58922300499556,HOBBIES_1_001
2014-04-26,66.17656664059423,HOBBIES_1_001
2014-04-27,69.10940007995166,HOBBIES_1_001
2014-04-28,78.78690681339853,HOBBIES_1_001
2014-04-29,69.19316148658092,HOBBIES_1_001
2014-04-30,73.00201709672486,HOBBIES_1_001
2014-05-01,76.89206476541096,HOBBIES_1_001
2014-05-02,69.31374154819883,HOBBIES_1_001
2014-05-03,74.69304100930242,HOBBIES_1_001
2014-05-04,67.50377861612141,HOBBIES_1_001
2014-05-05,71.17185716767366,HOBBIES_1_001
2014-05-06,75.77944564306162,HOBBIES_1_001
2014-05-07,66.21446465520302,HOBBIES_1_001
2014-05-08,76.37776747830426,HOBBIES_1_001
2014-05-09,74.0702355944358,HOBBIES_1_001
2014-05-10,76.92098358456849,HOBBIES_1_001
2014-05-11,75.26530108271317,HOBBIES_1_001
2014-05-12,80.9507263553799,HOBBIES_1_001
2014-05-13,74.73754838196918,HOBBIES_1_001
2014-05-14,71.94291923030544,HOBBIES_1_001
2014-05-15,74.677087309746,HOBBIES_1_001
2014-05-16,76.75488782725003,HOBBIES_1_001
2014-05-17,74.25265503338014,HOBBIES_1_001
2014-05-18,74.17844417484032,HOBBIES_1_001
2014-05-19,70.42984811682166,HOBBIES_1_001
2014-05-20,70.58682920040283,HOBBIES_1_001
2014-05-21,66.84705847983662,HOBBIES_1_001
2014-05-22,82.56396166957296,HOBBIES_1_001
2014-05-23,67.55001601859686,HOBBIES_1_001
2014-05-24,70.25534145017401,HOBBIES_1_001
2014-05-25,70.07566803686429,HOBBIES_1_001
2014-05-26,78.08748633678674,HOBBIES_1_001
2014-05-27,72.08062158280228,HOBBIES_1_001
2014-05-28,79.73395435432354,HOBBIES_1_001
2014-05-29,70.06505722034544,HOBBIES_1_001
2014-05-30,74.7621644493417,HOBBIES_1_001
2014-05-31,69.1225839921751,HOBBIES_1_001
2014-06-01,83.95465897662524,HOBBIES_1_001
2014-06-02,67.21801066651848,HOBBIES_1_001
2014-06-03,74.62971870910594,HOBBIES_1_001
2014-06-04,76.17166329310339,HOBBIES_1_001
2014-06-05,74.99151852770271,HOBBIES_1_001
2014-06-06,71.91343912392541,HOBBIES_1_001
2014-06-07,72.10576903585985,HOBBIES_1_001
2014-06-08,72.88659696055782,HOBBIES_1_001
2014-06-09,71.84290051000688,HOBBIES_1_001
2014-06-10,77.30541345279056,HOBBIES_1_001
2014-06-11,83.4445099131907,HOBBIES_1_001
2014-06-12,69.50811661582571,HOBBIES_1_001
2014-06-13,65.34807944211624,HOBBIES_1_001
2014-06-14,71.65507626581956,HOBBIES_1_001
2014-06-15,84.89233456689746,HOBBIES_1_001
2014-06-16,67.87066206792964,HOBBIES_1_001
2014-06-17,79.97784868561584,HOBBIES_1_001
2014-06-18,80.06201886198527,HOBBIES_1_001
2014-06-19,68.7948823465899,HOBBIES_1_001
2014-06-20,74.29514516790097,HOBBIES_1_001
2014-06-21,79.47775594454426,HOBBIES_1_001
2014-06-22,69.32385395983212,HOBBIES_1_001
2014-06-23,70.08352795818529,HOBBIES_1_001
2014-06-24,68.07322054832443,HOBBIES_1_001
2014-06-25,65.78633661291387,HOBBIES_1_001
2014-06-26,67.49056950560495,HOBBIES_1_001
2014-06-27,64.49247719658857,HOBBIES_1_001
2014-06-28,70.65624450348719,HOBBIES_1_001
2014-06-29,66.50808043444911,HOBBIES_1_001
2014-06-30,71.39751028857722,HOBBIES_1_001
2014-07-01,62.3182957075091,HOBBIES_1_001
2014-07-02,71.61997216119755,HOBBIES_1_001
2014-07-03,73.99966191984228,HOBBIES_1_001
2014-07-04,59.728479658383,HOBBIES_1_001
2014-07-05,71.43132211219083,HOBBIES_1_001
2014-07-06,75.5620526069799,HOBBIES_1_001
2014-07-07,63.23700463988445,HOBBIES_1_001
2014-07-08,77.50845452603906,HOBBIES_1_001
2014-07-09,71.09999866134243,HOBBIES_1_001
2014-07-10,65.33813123451017,HOBBIES_1_001
2014-07-11,68.44165591537867,HOBBIES_1_001
2014-07-12,71.36851885290449,HOBBIES_1_001
2014-07-13,68.81241500986724,HOBBIES_1_001
2014-07-14,70.98084139357697,HOBBIES_1_001
2014-07-15,63.537585546729616,HOBBIES_1_001
2014-07-16,68.84091773305559,HOBBIES_1_001
2014-07-17,60.77801878369419,HOBBIES_1_001
2014-07-18,67.14230590826543,HOBBIES_1_001
2014-07-19,63.03016017025688,HOBBIES_1_001
2014-07-20,63.72277814001358,HOBBIES_1_001
2014-07-21,73.43114077208023,HOBBIES_1_001
2014-07-22,72.55704050757848,HOBBIES_1_001
2014-07-23,69.99561400908615,HOBBIES_1_001
2014-07-24,61.33746221139446,HOBBIES_1_001
2014-07-25,65.06580628369802,HOBBIES_1_001
2014-07-26,72.56193021664328,HOBBIES_1_001
2014-07-27,67.05344104458631,HOBBIES_1_001
2014-07-28,77.78979145177331,HOBBIES_1_001
2014-07-29,68.0079437187043,HOBBIES_1_001
2014-07-30,66.84978536966086,HOBBIES_1_001
2014-07-31,64.19216823606575,HOBBIES_1_001
2014-08-01,66.25374235646774,HOBBIES_1_001
2014-08-02,64.672103410293,HOBBIES_1_001
2014-08-03,68.82358916021403,HOBBIES_1_001
2014-08-04,69.91537985815867,HOBBIES_1_001
2014-08-05,61.05102360185309,HOBBIES_1_001
2014-08-06,58.174239636547114,HOBBIES_1_001
2014-08-07,55.49919254739859,HOBBIES_1_001
2014-08-08,67.07042309054341,HOBBIES_1_001
2014-08-09,58.86436290049291,HOBBIES_1_001
2014-08-10,53.468005129171765,HOBBIES_1_001
2014-08-11,66.0271960633788,HOBBIES_1_001
2014-08-12,76.4017782832318,HOBBIES_1_001
2014-08-13,63.75958623911722,HOBBIES_1_001
2014-08-14,67.83628674985619,HOBBIES_1_001
2014-08-15,63.907653048875744,HOBBIES_1_001
2014-08-16,62.85956175269151,HOBBIES_1_001
2014-08-17,67.80577542021474,HOBBIES_1_001
2014-08-18,61.61633107469761,HOBBIES_1_001
2014-08-19,64.26295226479039,HOBBIES_1_001
2014-08-20,64.39379074807263,HOBBIES_1_001
2014-08-21,59.305232307387385,HOBBIES_1_001
2014-08-22,67.46739841201226,HOBBIES_1_001
2014-08-23,61.49505626251309,HOBBIES_1_001
2014-08-24,58.455010640238626,HOBBIES_1_001
2014-08-25,64.7814264149975,HOBBIES_1_001
2014-08-26,57.47298339986266,HOBBIES_1_001
2014-08-27,61.97402615726148,HOBBIES_1_001
2014-08-28,61.656718596098585,HOBBIES_1_001
2014-08-29,67.00242554835867,HOBBIES_1_001
2014-08-30,63.818558311151826,HOBBIES_1_001
2014-08-31,61.193580984817565,HOBBIES_1_001
2014-09-01,65.28276857400954,HOBBIES_1_001
2014-09-02,68.0218117876515,HOBBIES_1_001
2014-09-03,63.73832072263477,HOBBIES_1_001
2014-09-04,60.8812276494629,HOBBIES_1_001
2014-09-05,54.15222048242275,HOBBIES_1_001
2014-09-06,55.26955316466467,HOBBIES_1_001
2014-09-07,58.95454101519513,HOBBIES_1_001
2014-09-08,57.320509743016835,HOBBIES_1_001
2014-09-09,59.322523002412815,HOBBIES_1_001
2014-09-10,60.431879275033154,HOBBIES_1_001
2014-09-11,62.69032317294845,HOBBIES_1_001
2014-09-12,59.58461254002175,HOBBIES_1_001
2014-09-13,62.26691602049827,HOBBIES_1_001
2014-09-14,60.056172042982055,HOBBIES_1_001
2014-09-15,49.757985936308856,HOBBIES_1_001
2014-09-16,54.84232243461542,HOBBIES_1_001
2014-09-17,58.724438661519,HOBBIES_1_001
2014-09-18,53.30451007658821,HOBBIES_1_001
2014-09-19,62.262998358261854,HOBBIES_1_001
2014-09-20,66.82977593613458,HOBBIES_1_001
2014-09-21,65.18482614911572,HOBBIES_1_001
2014-09-22,57.94115691384684,HOBBIES_1_001
2014-09-23,66.38174610474995,HOBBIES_1_001
2014-09-24,59.59361643698286,HOBBIES_1_001
2014-09-25,57.08946169168685,HOBBIES_1_001
2014-09-26,55.63496765348011,HOBBIES_1_001
2014-09-27,57.11922661802858,HOBBIES_1_001
2014-09-28,56.62281657801425,HOBBIES_1_001
2014-09-29,59.35046507925577,HOBBIES_1_001
2014-09-30,59.23852022323754,HOBBIES_1_001
2014-10-01,58.39075443544775,HOBBIES_1_001
2014-10-02,60.502720705610315,HOBBIES_1_001
2014-10-03,64.21642131816455,HOBBIES_1_001
2014-10-04,62.95879754699616,HOBBIES_1_001
2014-10-05,50.73707227114029,HOBBIES_1_001
2014-10-06,45.34521068079507,HOBBIES_1_001
2014-10-07,62.74240902630438,HOBBIES_1_001
2014-10-08,51.195167028708426,HOBBIES_1_001
2014-10-09,56.86726074362426,HOBBIES_1_001
2014-10-10,52.10484345982539,HOBBIES_1_001
2014-10-11,48.91263743929139,HOBBIES_1_001
2014-10-12,60.599810267898945,HOBBIES_1_001
2014-10-13,61.661070315871754,HOBBIES_1_001
2014-10-14,54.95839536937779,HOBBIES_1_001
2014-10-15,44.8642569794889,HOBBIES_1_001
2014-10-16,55.06964786217,HOBBIES_1_001
2014-10-17,59.74418392356597,HOBBIES_1_001
2014-10-18,50.37780265258969,HOBBIES_1_001
2014-10-19,58.67926931876968,HOBBIES_1_001
2014-10-20,57.67895127457585,HOBBIES_1_001
2014-10-21,60.64791848408714,HOBBIES_1_001
2014-10-22,58.348260178664916,HOBBIES_1_001
2014-10-23,52.886854217105565,HOBBIES_1_001
2014-10-24,63.73984572655311,HOBBIES_1_001
2014-10-25,56.972082965235614,HOBBIES_1_001
2014-10-26,57.63890778887643,HOBBIES_1_001
2014-10-27,53.1227502432889,HOBBIES_1_001
2014-10-28,55.58930020627555,HOBBIES_1_001
2014-10-29,53.401282284536116,HOBBIES_1_001
2014-10-30,56.98311313586853,HOBBIES_1_001
2014-10-31,66.43189594685145,HOBBIES_1_001
2014-11-01,51.0423189355762,HOBBIES_1_001
2014-11-02,49.86544734457539,HOBBIES_1_001
2014-11-03,65.32349094428892,HOBBIES_1_001
2014-11-04,56.958357016845866,HOBBIES_1_001
2014-11-05,54.69989388731784,HOBBIES_1_001
2014-11-06,63.28800336415563,HOBBIES_1_001
2014-11-07,55.106557958676625,HOBBIES_1_001
2014-11-08,67.31376568476661,HOBBIES_1_001
2014-11-09,61.62534514178513,HOBBIES_1_001
2014-11-10,55.85106523527183,HOBBIES_1_001
2014-11-11,69.13496740891225,HOBBIES_1_001
2014-11-12,55.380542264029216,HOBBIES_1_001
2014-11-13,62.18315878431098,HOBBIES_1_001
2014-11-14,60.03557156737449,HOBBIES_1_001
2014-11-15,65.117089888392,HOBBIES_1_001
2014-11-16,66.48804773125184,HOBBIES_1_001
2014-11-17,58.915438984878534,HOBBIES_1_001
2014-11-18,55.066057385923294,HOBBIES_1_001
2014-11-19,61.213520946791526,HOBBIES_1_001
2014-11-20,55.60836403902474,HOBBIES_1_001
2014-11-21,69.14990628729603,HOBBIES_1_001
2014-11-22,59.85440490364165,HOBBIES_1_001
2014-11-23,57.43658744874644,HOBBIES_1_001
2014-11-24,60.28075136938747,HOBBIES_1_001
2014-11-25,52.718538827593434,HOBBIES_1_001
2014-11-26,54.69556365110252,HOBBIES_1_001
2014-11-27,65.65778663462115,HOBBIES_1_001
2014-11-28,56.475924407440544,HOBBIES_1_001
2014-11-29,54.63309005667777,HOBBIES_1_001
2014-11-30,62.6607026034587,HOBBIES_1_001
2014-12-01,66.01827167631981,HOBBIES_1_001
2014-12-02,63.799320452268866,HOBBIES_1_001
2014-12-03,65.3020582618586,HOBBIES_1_001
2014-12-04,56.65754453618477,HOBBIES_1_001
2014-12-05,53.45457155690174,HOBBIES_1_001
2014-12-06,68.19477266781941,HOBBIES_1_001
2014-12-07,59.20152847394332,HOBBIES_1_001
2014-12-08,59.689898030999196,HOBBIES_1_001
2014-12-09,67.71644920982553,HOBBIES_1_001
2014-12-10,63.99029095865561,HOBBIES_1_001
2014-12-11,63.6244556226381,HOBBIES_1_001
2014-12-12,72.30808353666825,HOBBIES_1_001
2014-12-13,58.405680023655506,HOBBIES_1_001
2014-12-14,66.40477997151572,HOBBIES_1_001
2014-12-15,62.19502575712681,HOBBIES_1_001
2014-12-16,63.39933821411689,HOBBIES_1_001
2014-12-17,69.84713416102198,HOBBIES_1_001
2014-12-18,64.89434658573248,HOBBIES_1_001
2014-12-19,65.19894600423257,HOBBIES_1_001
2014-12-20,68.02418302327854,HOBBIES_1_001
2014-12-21,60.992906675524544,HOBBIES_1_001
2014-12-22,58.77944902133959,HOBBIES_1_001
2014-12-23,57.91104072625113,HOBBIES_1_001
2014-12-24,53.46461412435512,HOBBIES_1_001
2014-12-25,73.74042235542379,HOBBIES_1_001
2014-12-26,58.10797149665901,HOBBIES_1_001
2014-12-27,62.683966052318056,HOBBIES_1_001
2014-12-28,62.57393950918884,HOBBIES_1_001
2014-12-29,65.66431863785223,HOBBIES_1_001
2014-12-30,68.37671351519711,HOBBIES_1_001
2014-12-31,68.7725557896808,HOBBIES_1_001
2015-01-01,61.72833564991377,HOBBIES_1_001
2015-01-02,63.98297696897825,HOBBIES_1_001
2015-01-03,66.407630392985,HOBBIES_1_001
2015-01-04,63.92865634694121,HOBBIES_1_001
2015-01-05,73.38741089083463,HOBBIES_1_001
2015-01-06,67.98527160570728,HOBBIES_1_001
2015-01-07,69.38559518816017,HOBBIES_1_001
2015-01-08,69.20747003032275,HOBBIES_1_001
2015-01-09,71.94329055668186,HOBBIES_1_001
2015-01-10,67.16483863638652,HOBBIES_1_001
2015-01-11,59.960284224097606,HOBBIES_1_001
2015-01-12,68.62845167935707,HOBBIES_1_001
2015-01-13,63.55960127906598,HOBBIES_1_001
2015-01-14,64.36043283363074,HOBBIES_1_001
2015-01-15,70.12317406942485,HOBBIES_1_001
2015-01-16,73.57126466742505,HOBBIES_1_001
2015-01-17,67.675310297443,HOBBIES_1_001
2015-01-18,69.30277833662717,HOBBIES_1_001
2015-01-19,76.45985643523257,HOBBIES_1_001
2015-01-20,69.3431732982614,HOBBIES_1_001
2015-01-21,81.33885544711168,HOBBIES_1_001
2015-01-22,71.34937678213865,HOBBIES_1_001
2015-01-23,59.90970894855376,HOBBIES_1_001
2015-01-24,72.67217977245879,HOBBIES_1_001
2015-01-25,71.00341639039274,HOBBIES_1_001
2015-01-26,75.73869399564964,HOBBIES_1_001
2015-01-27,72.8482447395069,HOBBIES_1_001
2015-01-28,68.98251682804863,HOBBIES_1_001
2015-01-29,63.74576433133102,HOBBIES_1_001
2015-01-30,69.01454698426886,HOBBIES_1_001
2015-01-31,65.99936675890962,HOBBIES_1_001
2015-02-01,67.54150457997517,HOBBIES_1_001
2015-02-02,73.57896277370516,HOBBIES_1_001
2015-02-03,79.17728746371101,HOBBIES_1_001
2015-02-04,72.99251126884012,HOBBIES_1_001
2015-02-05,65.23077078494049,HOBBIES_1_001
2015-02-06,73.62382512497928,HOBBIES_1_001
2015-02-07,77.57413765553085,HOBBIES_1_001
2015-02-08,68.73172656057537,HOBBIES_1_001
2015-02-09,71.29965835231343,HOBBIES_1_001
2015-02-10,72.23168049393153,HOBBIES_1_001
2015-02-11,68.42158568814425,HOBBIES_1_001
2015-02-12,75.77460991712913,HOBBIES_1_001
2015-02-13,72.11484083230215,HOBBIES_1_001
2015-02-14,75.00281175159323,HOBBIES_1_001
2015-02-15,68.65240176405645,HOBBIES_1_001
2015-02-16,71.08638072506268,HOBBIES_1_001
2015-02-17,77.06843659808811,HOBBIES_1_001
2015-02-18,71.77422147756504,HOBBIES_1_001
2015-02-19,82.45401590458597,HOBBIES_1_001
2015-02-20,72.00072955712726,HOBBIES_1_001
2015-02-21,75.30090514683542,HOBBIES_1_001
2015-02-22,79.01781701475691,HOBBIES_1_001
2015-02-23,67.43917929335947,HOBBIES_1_001
2015-02-24,65.90182659327257,HOBBIES_1_001
2015-02-25,67.2511235752024,HOBBIES_1_001
2015-02-26,81.3644865605702,HOBBIES_1_001
2015-02-27,72.463017617666,HOBBIES_1_001
2015-02-28,88.18258391564277,HOBBIES_1_001
2015-03-01,72.73812133240108,HOBBIES_1_001
2015-03-02,76.64833668665275,HOBBIES_1_001
2015-03-03,83.60075655305215,HOBBIES_1_001
2015-03-04,86.0836608654954,HOBBIES_1_001
2015-03-05,86.52202468276066,HOBBIES_1_001
2015-03-06,82.415927290866,HOBBIES_1_001
2015-03-07,81.65223580175328,HOBBIES_1_001
2015-03-08,79.65058190521131,HOBBIES_1_001
2015-03-09,80.73393326778373,HOBBIES_1_001
2015-03-10,74.23849711000797,HOBBIES_1_001
2015-03-11,73.05380704986408,HOBBIES_1_001
2015-03-12,77.27634438907955,HOBBIES_1_001
2015-03-13,76.58871025066894,HOBBIES_1_001
2015-03-14,75.31787391818901,HOBBIES_1_001
2015-03-15,81.20825955766229,HOBBIES_1_001
2015-03-16,82.6430477266247,HOBBIES_1_001
2015-03-17,78.44661116516411,HOBBIES_1_001
2015-03-18,85.52810298955895,HOBBIES_1_001
2015-03-19,72.56566942468719,HOBBIES_1_001
2015-03-20,77.43723308626193,HOBBIES_1_001
2015-03-21,74.9505542247669,HOBBIES_1_001
2015-03-22,69.32880600252764,HOBBIES_1_001
2015-03-23,78.3725651761105,HOBBIES_1_001
2015-03-24,78.29933597498646,HOBBIES_1_001
2015-03-25,86.59502237931608,HOBBIES_1_001
2015-03-26,82.2990980197653,HOBBIES_1_001
2015-03-27,74.13890847128411,HOBBIES_1_001
2015-03-28,88.64261748678362,HOBBIES_1_001
2015-03-29,85.58711700347422,HOBBIES_1_001
2015-03-30,82.4996862109805,HOBBIES_1_001
2015-03-31,78.56145590678676,HOBBIES_1_001
2015-04-01,74.99876346866176,HOBBIES_1_001
2015-04-02,78.03438934033777,HOBBIES_1_001
2015-04-03,85.43598675439296,HOBBIES_1_001
2015-04-04,89.50932982030102,HOBBIES_1_001
2015-04-05,87.89408288906793,HOBBIES_1_001
2015-04-06,77.82237633734066,HOBBIES_1_001
2015-04-07,74.75456544170464,HOBBIES_1_001
2015-04-08,81.140364498395,HOBBIES_1_001
2015-04-09,71.67424993046649,HOBBIES_1_001
2015-04-10,82.21001382730914,HOBBIES_1_001
2015-04-11,79.93108881682404,HOBBIES_1_001
2015-04-12,78.41102754519574,HOBBIES_1_001
2015-04-13,72.83696949425895,HOBBIES_1_001
2015-04-14,83.44491210451908,HOBBIES_1_001
2015-04-15,78.27697241857949,HOBBIES_1_001
2015-04-16,75.15158297479877,HOBBIES_1_001
2015-04-17,66.69766015352637,HOBBIES_1_001
2015-04-18,80.976303185593,HOBBIES_1_001
2015-04-19,90.02713436225176,HOBBIES_1_001
2015-04-20,89.52125391131337,HOBBIES_1_001
2015-04-21,78.97563228582834,HOBBIES_1_001
2015-04-22,78.29327561350863,HOBBIES_1_001
2015-04-23,83.68848937370488,HOBBIES_1_001
2015-04-24,76.3900269931726,HOBBIES_1_001
2015-04-25,82.92529866107319,HOBBIES_1_001
2015-04-26,85.27817023762543,HOBBIES_1_001
2015-04-27,87.61090606921675,HOBBIES_1_001
2015-04-28,81.00097967804955,HOBBIES_1_001
2015-04-29,80.50592889037951,HOBBIES_1_001
2015-04-30,77.15396909991904,HOBBIES_1_001
2015-05-01,77.42610168708077,HOBBIES_1_001
2015-05-02,80.44176855000123,HOBBIES_1_001
2015-05-03,83.42169019964538,HOBBIES_1_001
2015-05-04,86.16052840887055,HOBBIES_1_001
2015-05-05,77.58149982101989,HOBBIES_1_001
2015-05-06,89.06267800413842,HOBBIES_1_001
2015-05-07,80.2425145046404,HOBBIES_1_001
2015-05-08,81.48725650375195,HOBBIES_1_001
2015-05-09,77.85106538032196,HOBBIES_1_001
2015-05-10,69.45603169810991,HOBBIES_1_001
2015-05-11,85.98465658118698,HOBBIES_1_001
2015-05-12,85.23294287796472,HOBBIES_1_001
2015-05-13,80.12348727013045,HOBBIES_1_001
2015-05-14,81.84359970904794,HOBBIES_1_001
2015-05-15,84.06399507009695,HOBBIES_1_001
2015-05-16,73.64436758462725,HOBBIES_1_001
2015-05-17,78.78179048201201,HOBBIES_1_001
2015-05-18,85.3655083039219,HOBBIES_1_001
2015-05-19,75.08705862700106,HOBBIES_1_001
2015-05-20,82.7878226359826,HOBBIES_1_001
2015-05-21,74.49587500270991,HOBBIES_1_001
2015-05-22,83.56692705279775,HOBBIES_1_001
2015-05-23,81.00982397105773,HOBBIES_1_001
2015-05-24,73.06290754661788,HOBBIES_1_001
2015-05-25,86.910100323988,HOBBIES_1_001
2015-05-26,77.35860575506615,HOBBIES_1_001
2015-05-27,76.92280697618239,HOBBIES_1_001
2015-05-28,81.91678916410146,HOBBIES_1_001
2015-05-29,86.5943962757002,HOBBIES_1_001
2015-05-30,75.7067837303226,HOBBIES_1_001
2015-05-31,81.0264176947056,HOBBIES_1_001
2015-06-01,82.791695026403,HOBBIES_1_001
2015-06-02,84.04022998497362,HOBBIES_1_001
2015-06-03,81.38152212134881,HOBBIES_1_001
2015-06-04,78.58633888001819,HOBBIES_1_001
2015-06-05,76.20327112419349,HOBBIES_1_001
2015-06-06,80.68929602053771,HOBBIES_1_001
2015-06-07,74.81287666159083,HOBBIES_1_001
2015-06-08,65.4794863701811,HOBBIES_1_001
2015-06-09,82.17940872592953,HOBBIES_1_001
2015-06-10,84.42439126123887,HOBBIES_1_001
2015-06-11,67.99593191451662,HOBBIES_1_001
2015-06-12,74.66562120430704,HOBBIES_1_001
2015-06-13,82.71156483202952,HOBBIES_1_001
2015-06-14,89.8026630431262,HOBBIES_1_001
2015-06-15,79.51645560399481,HOBBIES_1_001
2015-06-16,75.6677193886245,HOBBIES_1_001
2015-06-17,78.28648163986317,HOBBIES_1_001
2015-06-18,85.96659607433585,HOBBIES_1_001
2015-06-19,75.75170184649907,HOBBIES_1_001
2015-06-20,74.8729689257152,HOBBIES_1_001
2015-06-21,76.3407544049833,HOBBIES_1_001
2015-06-22,73.87154881046786,HOBBIES_1_001
2015-06-23,79.13348052566292,HOBBIES_1_001
2015-06-24,86.52371659740732,HOBBIES_1_001
2015-06-25,79.89421581895019,HOBBIES_1_001
2015-06-26,76.89388890729542,HOBBIES_1_001
2015-06-27,76.571821372814,HOBBIES_1_001
2015-06-28,70.08857230569963,HOBBIES_1_001
2015-06-29,82.19219466247002,HOBBIES_1_001
2015-06-30,77.25809393155136,HOBBIES_1_001
2015-07-01,76.61407355756599,HOBBIES_1_001
2015-07-02,93.34980802634144,HOBBIES_1_001
2015-07-03,78.74448084061792,HOBBIES_1_001
2015-07-04,73.3569018077562,HOBBIES_1_001
2015-07-05,74.84795046891712,HOBBIES_1_001
2015-07-06,82.5846353775891,HOBBIES_1_001
2015-07-07,77.27026097302121,HOBBIES_1_001
2015-07-08,69.37290188725558,HOBBIES_1_001
2015-07-09,81.0197474743801,HOBBIES_1_001
2015-07-10,72.94116927259914,HOBBIES_1_001
2015-07-11,85.5056893717468,HOBBIES_1_001
2015-07-12,81.395823805861,HOBBIES_1_001
2015-07-13,73.61447776150328,HOBBIES_1_001
2015-07-14,82.11084242701257,HOBBIES_1_001
2015-07-15,75.8989302517553,HOBBIES_1_001
2015-07-16,79.67668117547822,HOBBIES_1_001
2015-07-17,77.68895454168333,HOBBIES_1_001
2015-07-18,70.88535212704647,HOBBIES_1_001
2015-07-19,71.75064840298539,HOBBIES_1_001
2015-07-20,79.96893112786009,HOBBIES_1_001
2015-07-21,72.9954974224872,HOBBIES_1_001
2015-07-22,72.50094677538902,HOBBIES_1_001
2015-07-23,69.59300969479537,HOBBIES_1_001
2015-07-24,76.33572054971657,HOBBIES_1_001
2015-07-25,84.37917231537963,HOBBIES_1_001
2015-07-26,68.57747633246784,HOBBIES_1_001
2015-07-27,73.88465294674245,HOBBIES_1_001
2015-07-28,80.67294571593385,HOBBIES_1_001
2015-07-29,73.06184675249574,HOBBIES_1_001
2015-07-30,75.57009795545125,HOBBIES_1_001
2015-07-31,67.84448210333574,HOBBIES_1_001
2015-08-01,75.14627250558648,HOBBIES_1_001
2015-08-02,71.91743045416486,HOBBIES_1_001
2015-08-03,77.63039494216223,HOBBIES_1_001
2015-08-04,78.48749771900137,HOBBIES_1_001
2015-08-05,85.34748830147774,HOBBIES_1_001
2015-08-06,75.14726945739574,HOBBIES_1_001
2015-08-07,73.72790018281782,HOBBIES_1_001
2015-08-08,72.92108715085925,HOBBIES_1_001
2015-08-09,70.03406365430074,HOBBIES_1_001
2015-08-10,73.3435764982345,HOBBIES_1_001
2015-08-11,70.0259951770207,HOBBIES_1_001
2015-08-12,72.19778476440783,HOBBIES_1_001
2015-08-13,77.79662766184833,HOBBIES_1_001
2015-08-14,66.02981923819164,HOBBIES_1_001
2015-08-15,76.61659824877503,HOBBIES_1_001
2015-08-16,77.35828454233842,HOBBIES_1_001
2015-08-17,70.03874955731234,HOBBIES_1_001
2015-08-18,59.8771284875898,HOBBIES_1_001
2015-08-19,67.30557994595057,HOBBIES_1_001
2015-08-20,76.68897363688998,HOBBIES_1_001
2015-08-21,69.9500434511001,HOBBIES_1_001
2015-08-22,64.92937468984698,HOBBIES_1_001
2015-08-23,67.26467962684093,HOBBIES_1_001
2015-08-24,73.8555357572175,HOBBIES_1_001
2015-08-25,72.25124422514422,HOBBIES_1_001
2015-08-26,68.18936199996128,HOBBIES_1_001
2015-08-27,67.41769749833426,HOBBIES_1_001
2015-08-28,67.16222202109233,HOBBIES_1_001
2015-08-29,64.37959598370014,HOBBIES_1_001
2015-08-30,76.94064478109114,HOBBIES_1_001
2015-08-31,67.12581261947844,HOBBIES_1_001
2015-09-01,74.6984288691275,HOBBIES_1_001
2015-09-02,76.09605348916904,HOBBIES_1_001
2015-09-03,73.35952286860714,HOBBIES_1_001
2015-09-04,66.09006217364762,HOBBIES_1_001
2015-09-05,70.14875128284844,HOBBIES_1_001
2015-09-06,67.89284263507884,HOBBIES_1_001
2015-09-07,63.38085442030971,HOBBIES_1_001
2015-09-08,69.40856634941309,HOBBIES_1_001
2015-09-09,61.78087974853293,HOBBIES_1_001
2015-09-10,73.5057257798473,HOBBIES_1_001
2015-09-11,65.13747210166468,HOBBIES_1_001
2015-09-12,68.3616038966733,HOBBIES_1_001
2015-09-13,68.66954634608982,HOBBIES_1_001
2015-09-14,65.85797428740295,HOBBIES_1_001
2015-09-15,69.98748696244647,HOBBIES_1_001
2015-09-16,64.5831803075884,HOBBIES_1_001
2015-09-17,71.22006211440518,HOBBIES_1_001
2015-09-18,60.04178457655189,HOBBIES_1_001
2015-09-19,67.31395179300473,HOBBIES_1_001
2015-09-20,76.28936595669941,HOBBIES_1_001
2015-09-21,61.50805945459312,HOBBIES_1_001
2015-09-22,63.03834560286548,HOBBIES_1_001
2015-09-23,68.91635385578664,HOBBIES_1_001
2015-09-24,67.16688724766215,HOBBIES_1_001
2015-09-25,67.94674123063672,HOBBIES_1_001
2015-09-26,68.56661580891502,HOBBIES_1_001
2015-09-27,69.22388158026993,HOBBIES_1_001
2015-09-28,71.5308990674934,HOBBIES_1_001
2015-09-29,67.96617643901276,HOBBIES_1_001
2015-09-30,64.64806123188738,HOBBIES_1_001
2015-10-01,69.1570920276862,HOBBIES_1_001
2015-10-02,75.23613871834651,HOBBIES_1_001
2015-10-03,65.01872039931183,HOBBIES_1_001
2015-10-04,60.75707953342821,HOBBIES_1_001
2015-10-05,71.11566464681654,HOBBIES_1_001
2015-10-06,64.93160972252873,HOBBIES_1_001
2015-10-07,54.6261609270297,HOBBIES_1_001
2015-10-08,69.68536809352949,HOBBIES_1_001
2015-10-09,62.73314601030993,HOBBIES_1_001
2015-10-10,64.92144136559327,HOBBIES_1_001
2015-10-11,67.00114046702842,HOBBIES_1_001
2015-10-12,66.26369421276222,HOBBIES_1_001
2015-10-13,68.83125278704557,HOBBIES_1_001
2015-10-14,63.08221470715404,HOBBIES_1_001
2015-10-15,67.80369661808575,HOBBIES_1_001
2015-10-16,63.9218359025047,HOBBIES_1_001
2015-10-17,68.89791548798262,HOBBIES_1_001
2015-10-18,68.26789710351747,HOBBIES_1_001
2015-10-19,60.50397539664279,HOBBIES_1_001
2015-10-20,70.60411028830787,HOBBIES_1_001
2015-10-21,62.49034294750334,HOBBIES_1_001
2015-10-22,69.20934651499175,HOBBIES_1_001
2015-10-23,67.00733467551193,HOBBIES_1_001
2015-10-24,74.36660578919813,HOBBIES_1_001
2015-10-25,64.06610010550308,HOBBIES_1_001
2015-10-26,63.447545692826964,HOBBIES_1_001
2015-10-27,65.11069119620808,HOBBIES_1_001
2015-10-28,63.7085117350536,HOBBIES_1_001
2015-10-29,69.24370455137273,HOBBIES_1_001
2015-10-30,57.18498958029458,HOBBIES_1_001
2015-10-31,60.02364063739984,HOBBIES_1_001
2015-11-01,59.98150922932888,HOBBIES_1_001
2015-11-02,70.10349148081885,HOBBIES_1_001
2015-11-03,73.93940535672238,HOBBIES_1_001
2015-11-04,64.90142849690972,HOBBIES_1_001
2015-11-05,64.61984815165923,HOBBIES_1_001
2015-11-06,65.85743992973303,HOBBIES_1_001
2015-11-07,71.36272635739377,HOBBIES_1_001
2015-11-08,60.965650633070915,HOBBIES_1_001
2015-11-09,66.84625988575458,HOBBIES_1_001
2015-11-10,70.58530961190436,HOBBIES_1_001
2015-11-11,68.27259637927583,HOBBIES_1_001
2015-11-12,66.77572414903149,HOBBIES_1_001
2015-11-13,70.89661157409203,HOBBIES_1_001
2015-11-14,52.441646387337705,HOBBIES_1_001
2015-11-15,69.41645922604442,HOBBIES_1_001
2015-11-16,62.82881251897233,HOBBIES_1_001
2015-11-17,57.02095294225929,HOBBIES_1_001
2015-11-18,68.807858922271,HOBBIES_1_001
2015-11-19,73.20065214490259,HOBBIES_1_001
2015-11-20,65.72839750163865,HOBBIES_1_001
2015-11-21,71.26604197266948,HOBBIES_1_001
2015-11-22,74.65181872516304,HOBBIES_1_001
2015-11-23,73.25646666021908,HOBBIES_1_001
2015-11-24,74.97587167391177,HOBBIES_1_001
2015-11-25,70.58350691759323,HOBBIES_1_001
2015-11-26,67.34950122515563,HOBBIES_1_001
2015-11-27,59.064587222405066,HOBBIES_1_001
2015-11-28,65.94878254863966,HOBBIES_1_001
2015-11-29,63.0701111804984,HOBBIES_1_001
2015-11-30,78.25085161530319,HOBBIES_1_001
2015-12-01,66.629021027835,HOBBIES_1_001
2015-12-02,68.23927711985786,HOBBIES_1_001
2015-12-03,70.4979459000237,HOBBIES_1_001
2015-12-04,68.07823139788621,HOBBIES_1_001
2015-12-05,76.45757927975659,HOBBIES_1_001
2015-12-06,64.99355678636158,HOBBIES_1_001
2015-12-07,69.2066641313321,HOBBIES_1_001
2015-12-08,64.65040937177608,HOBBIES_1_001
2015-12-09,61.89406513146855,HOBBIES_1_001
2015-12-10,65.56899464411777,HOBBIES_1_001
2015-12-11,68.57853196397984,HOBBIES_1_001
2015-12-12,66.7552598765684,HOBBIES_1_001
2015-12-13,65.5798654631788,HOBBIES_1_001
2015-12-14,62.15269119974223,HOBBIES_1_001
2015-12-15,68.91313145648975,HOBBIES_1_001
2015-12-16,61.951474136637486,HOBBIES_1_001
2015-12-17,73.42377103439918,HOBBIES_1_001
2015-12-18,70.1860657559487,HOBBIES_1_001
2015-12-19,62.638407298651636,HOBBIES_1_001
2015-12-20,68.53430013847208,HOBBIES_1_001
2015-12-21,66.47558748227794,HOBBIES_1_001
2015-12-22,71.9900690971224,HOBBIES_1_001
2015-12-23,77.25603811346386,HOBBIES_1_001
2015-12-24,61.33923390999831,HOBBIES_1_001
2015-12-25,71.45321628845109,HOBBIES_1_001
2015-12-26,70.24204853442606,HOBBIES_1_001
2015-12-27,74.56563373949115,HOBBIES_1_001
2015-12-28,72.44268833681372,HOBBIES_1_001
2015-12-29,67.7861376771045,HOBBIES_1_001
2015-12-30,70.12145696115942,HOBBIES_1_001
2015-12-31,67.90875825085648,HOBBIES_1_001
2016-01-01,77.44245772274334,HOBBIES_1_001
2016-01-02,72.34384296826187,HOBBIES_1_001
2016-01-03,81.91938325630039,HOBBIES_1_001
2016-01-04,72.28750709577773,HOBBIES_1_001
2016-01-05,69.22734836317419,HOBBIES_1_001
2016-01-06,65.38052407144377,HOBBIES_1_001
2016-01-07,64.11420706362321,HOBBIES_1_001
2016-01-08,65.39108315895011,HOBBIES_1_001
2016-01-09,74.8302537113045,HOBBIES_1_001
2016-01-10,76.22205514600955,HOBBIES_1_001
2016-01-11,65.95718964070801,HOBBIES_1_001
2016-01-12,78.52390267796635,HOBBIES_1_001
2016-01-13,71.81977967659975,HOBBIES_1_001
2016-01-14,75.15618048929913,HOBBIES_1_001
2016-01-15,82.67115630391838,HOBBIES_1_001
2016-01-16,79.28274507657642,HOBBIES_1_001
2016-01-17,73.64499836122536,HOBBIES_1_001
2016-01-18,70.72135133354783,HOBBIES_1_001
2016-01-19,64.60840389240168,HOBBIES_1_001
2016-01-20,71.96233999159833,HOBBIES_1_001
2016-01-21,74.69348786906315,HOBBIES_1_001
2016-01-22,71.00463010521688,HOBBIES_1_001
2016-01-23,75.47593709586317,HOBBIES_1_001
2016-01-24,76.70843026872183,HOBBIES_1_001
2016-01-25,75.39204374393029,HOBBIES_1_001
2016-01-26,73.45861650811054,HOBBIES_1_001
2016-01-27,77.74431052998256,HOBBIES_1_001
2016-01-28,79.30319918280638,HOBBIES_1_001
2016-01-29,71.83395931255552,HOBBIES_1_001
2016-01-30,84.5330243564222,HOBBIES_1_001
2016-01-31,77.17772755552669,HOBBIES_1_001
2016-02-01,77.95706913071491,HOBBIES_1_001
2016-02-02,81.59584205487673,HOBBIES_1_001
2016-02-03,79.41254478526339,HOBBIES_1_001
2016-02-04,83.20353597628328,HOBBIES_1_001
2016-02-05,80.06450610811737,HOBBIES_1_001
2016-02-06,75.75732409766827,HOBBIES_1_001
2016-02-07,80.81719703532494,HOBBIES_1_001
2016-02-08,73.48070923256084,HOBBIES_1_001
2016-02-09,79.93124190155254,HOBBIES_1_001
2016-02-10,79.41078875405512,HOBBIES_1_001
2016-02-11,78.72419215418458,HOBBIES_1_001
2016-02-12,79.30921937770707,HOBBIES_1_001
2016-02-13,70.7290355348447,HOBBIES_1_001
2016-02-14,77.58022418034518,HOBBIES_1_001
2016-02-15,80.97278634576436,HOBBIES_1_001
2016-02-16,81.49165337365861,HOBBIES_1_001
2016-02-17,75.73685329131133,HOBBIES_1_001
2016-02-18,87.38562562933923,HOBBIES_1_001
2016-02-19,76.90702159433827,HOBBIES_1_001
2016-02-20,86.26489567482587,HOBBIES_1_001
2016-02-21,83.73215251442625,HOBBIES_1_001
2016-02-22,78.5424254931643,HOBBIES_1_001
2016-02-23,90.82626160806409,HOBBIES_1_001
2016-02-24,76.15638568138593,HOBBIES_1_001
2016-02-25,86.89387520309477,HOBBIES_1_001
2016-02-26,87.47317682064104,HOBBIES_1_001
2016-02-27,79.28790648873684,HOBBIES_1_001
2016-02-28,89.77261317461503,HOBBIES_1_001
2016-02-29,81.72782593968509,HOBBIES_1_001
2016-03-01,84.5877475040587,HOBBIES_1_001
2016-03-02,84.61051517106077,HOBBIES_1_001
2016-03-03,82.8003519043389,HOBBIES_1_001
2016-03-04,87.68724735236944,HOBBIES_1_001
2016-03-05,87.76023892765328,HOBBIES_1_001
2016-03-06,75.20796249349695,HOBBIES_1_001
2016-03-07,90.62834756058807,HOBBIES_1_001
2016-03-08,75.94836713376404,HOBBIES_1_001
2016-03-09,89.5758559003508,HOBBIES_1_001
2016-03-10,90.19702633810539,HOBBIES_1_001
2016-03-11,79.25708371205016,HOBBIES_1_001
2016-03-12,82.8042611105125,HOBBIES_1_001
2016-03-13,79.4741900093876,HOBBIES_1_001
2016-03-14,84.07041635592688,HOBBIES_1_001
2016-03-15,83.74504944983528,HOBBIES_1_001
2016-03-16,89.32157858204349,HOBBIES_1_001
2016-03-17,92.11069550187251,HOBBIES_1_001
2016-03-18,92.67123323629639,HOBBIES_1_001
2016-03-19,83.01338943676086,HOBBIES_1_001
2016-03-20,84.90725564605015,HOBBIES_1_001
2016-03-21,77.66299731378011,HOBBIES_1_001
2016-03-22,82.17531745983491,HOBBIES_1_001
2016-03-23,91.15103086938204,HOBBIES_1_001
2016-03-24,94.52438696783847,HOBBIES_1_001
2016-03-25,80.39199442458367,HOBBIES_1_001
2016-03-26,83.71622048415753,HOBBIES_1_001
2016-03-27,86.65882505730991,HOBBIES_1_001
2016-03-28,88.30145350693734,HOBBIES_1_001
2016-03-29,82.95987928102107,HOBBIES_1_001
2016-03-30,89.2328808103482,HOBBIES_1_001
2016-03-31,84.84546210391645,HOBBIES_1_001
2016-04-01,87.24186105329352,HOBBIES_1_001
2016-04-02,90.14236408288238,HOBBIES_1_001
2016-04-03,87.53720882667454,HOBBIES_1_001
2016-04-04,85.41463498206603,HOBBIES_1_001
2016-04-05,87.13727361363475,HOBBIES_1_001
2016-04-06,87.32953699911488,HOBBIES_1_001
2016-04-07,86.00457730142026,HOBBIES_1_001
2016-04-08,86.6411656319371,HOBBIES_1_001
2016-04-09,96.00611029590071,HOBBIES_1_001
2016-04-10,90.89239817501546,HOBBIES_1_001
2016-04-11,86.68250765138299,HOBBIES_1_001
2016-04-12,91.71395604013847,HOBBIES_1_001
2016-04-13,86.62651330988231,HOBBIES_1_001
2016-04-14,94.22479899181413,HOBBIES_1_001
2016-04-15,90.26807730133257,HOBBIES_1_001
2016-04-16,87.94115968690534,HOBBIES_1_001
2016-04-17,90.77116152688943,HOBBIES_1_001
2016-04-18,80.73019480555242,HOBBIES_1_001
2016-04-19,82.99981968101685,HOBBIES_1_001
2016-04-20,82.7101877237563,HOBBIES_1_001
2016-04-21,89.43775057612794,HOBBIES_1_001
2016-04-22,97.4258922777471,HOBBIES_1_001
2016-04-23,99.9571541070691,HOBBIES_1_001
2016-04-24,92.02529385617152,HOBBIES_1_001
2016-04-25,91.37069040741613,HOBBIES_1_001
2016-04-26,79.88965046602337,HOBBIES_1_001
2016-04-27,86.20708024877108,HOBBIES_1_001
2016-04-28,85.00407806871502,HOBBIES_1_001
2016-04-29,85.85834322943813,HOBBIES_1_001
2016-04-30,88.138483551348,HOBBIES_1_001
2016-05-01,86.6324093080151,HOBBIES_1_001
2016-05-02,79.10706280067743,HOBBIES_1_001
2016-05-03,92.75085574528384,HOBBIES_1_001
2016-05-04,83.65237863271444,HOBBIES_1_001
2016-05-05,90.21416866688843,HOBBIES_1_001
2016-05-06,99.38724504559498,HOBBIES_1_001
2016-05-07,84.41586920455389,HOBBIES_1_001
2016-05-08,76.35438534932129,HOBBIES_1_001
2016-05-09,87.56591107706592,HOBBIES_1_001
2016-05-10,94.48792696136644,HOBBIES_1_001
2016-05-11,98.75915985059738,HOBBIES_1_001
2016-05-12,82.80107627045129,HOBBIES_1_001
2016-05-13,91.41084142609805,HOBBIES_1_001
2016-05-14,86.57644588466806,HOBBIES_1_001
2016-05-15,88.34605428453116,HOBBIES_1_001
2016-05-16,102.06746979082054,HOBBIES_1_001
2016-05-17,81.29803245082888,HOBBIES_1_001
2016-05-18,90.04590323731205,HOBBIES_1_001
2016-05-19,91.07719802096848,HOBBIES_1_001
2016-05-20,94.12641483751555,HOBBIES_1_001
2016-05-21,89.14339209497646,HOBBIES_1_001
2016-05-22,90.14698326705755,HOBBIES_1_001
2016-05-23,86.59902297602832,HOBBIES_1_001
2016-05-24,89.85073744491952,HOBBIES_1_001
2016-05-25,86.73430144856121,HOBBIES_1_001
2016-05-26,91.50062779752639,HOBBIES_1_001
2016-05-27,86.48459068472044,HOBBIES_1_001
2016-05-28,90.15541068505942,HOBBIES_1_001
2016-05-29,88.05827794378155,HOBBIES_1_001
2016-05-30,93.76696888631847,HOBBIES_1_001
2016-05-31,87.8093430937996,HOBBIES_1_001
2016-06-01,79.12823879461538,HOBBIES_1_001
2016-06-02,94.22762103552454,HOBBIES_1_001
2016-06-03,83.31151575811356,HOBBIES_1_001
2016-06-04,84.49108972118485,HOBBIES_1_001
2016-06-05,84.69896932208025,HOBBIES_1_001
2016-06-06,94.4644613743648,HOBBIES_1_001
2016-06-07,76.82656690475255,HOBBIES_1_001
2016-06-08,103.10405156043304,HOBBIES_1_001
2016-06-09,92.60370028813,HOBBIES_1_001
2016-06-10,88.34548784986347,HOBBIES_1_001
2016-06-11,86.85850391176717,HOBBIES_1_001
2016-06-12,88.46226308828365,HOBBIES_1_001
2016-06-13,89.53949702345628,HOBBIES_1_001
2016-06-14,90.05726418235992,HOBBIES_1_001
2016-06-15,89.50445561177928,HOBBIES_1_001
2016-06-16,87.06756643865552,HOBBIES_1_001
2016-06-17,85.52422106405018,HOBBIES_1_001
2016-06-18,85.6438555108461,HOBBIES_1_001
2016-06-19,85.31308674419498,HOBBIES_1_001
